7.60465419194995E+017,#NadieMenos era el contra hashtag el d√≠a de #NiUnaMenos. ,17328101,17328101,la chancha combativa,1470144059000,0,1,
7.60465419194995E+017,#NadieMenos era el contra hashtag el d√≠a de #NiUnaMenos. ,17328101,17328101,la chancha combativa,1470144059000,0,1,
7.60920670226174E+017,#NadieMenos pic.twitter.com/GKYwr4fepF,264887852,264887852,Carlos Garc√≠a,1470252599000,2,1,
7.60872595390693E+017,"El sistema de burla, mofa y sarcasmo cuando hay violencia hacia los hombres.
#NadieMenos
#D√©jenseDeHbdshttp://fb.me/1auDYtzlD¬†",3330029314,3330029314,Carranza V.,1470241137000,1,1,
7.60850984658735E+017,"#NadieMenos
Por una vida sin violencia ni discriminaci√≥n en la lucha contra la violencia http://fb.me/5jaKj0CxJ¬†",2617747208,2617747208,Igualdad sin Fems,1470235985000,0,0,
7.6111795105117E+017,"#nadiemenos
Tocan a alguien nos tocan a todos, protejamos a todos sin discriminar pic.twitter.com/PfPQUFZ3zu",7.39030710850355E+017,7.39030710850355E+017,#MNCC ¬Æ,1470299635000,73,56,
7.6111795105117E+017,"#nadiemenos
Tocan a alguien nos tocan a todos, protejamos a todos sin discriminar pic.twitter.com/PfPQUFZ3zu",7.39030710850355E+017,7.39030710850355E+017,#MNCC ¬Æ,1470299635000,73,56,
7.61705648501301E+017,#NadieMenos @MarthaChavezC @JBCPERU @elhigadodmarita @eudmed @KarlaCalle @gerardoreinaP @jorgevillenal @meiermqpic.twitter.com/obLwgAbNgA,1317324480,1317324480,Miguel Angel Pozo,1470439753000,2,0,
7.61694542395429E+017,"#NadieMenos Desde Parejas Reales rechazamos TODA VIOLENCIA: Contra mujeres, hombres, ni√±os, beb√©s desde el... http://fb.me/1drsxR5eH¬†",2216236045,2216236045,Parejas Reales,1470437105000,15,7,
7.61683696613229E+017,"Acabo de leer la real cojudeza ""#NadieMenos""",700052783,700052783,Liszt P√©rez,1470434519000,0,2,
7.61600766868087E+017,Basta de homicidios #NadieMenos,168944167,168944167,Fabio üê¶,1470414747000,4,2,
7.615974996647E+017,#NiUnaMenos #NiUnoMenos #NadieMenos https://twitter.com/mlukacs/status/761513995719376896¬†‚Ä¶,77644523,77644523,Diego Bracamonte G ŸÜ,1470413968000,3,2,
7.61565597717164E+017,#NadieMenos #NiUnaMenoshttps://twitter.com/eudmed/status/761524944710828032¬†‚Ä¶,71168302,71168302,Junior Vallejos S.,1470406362000,1,0,
7.61365512311992E+017,#NadieMenos pic.twitter.com/rOwlkg8HZQ,3389101343,3389101343,‚ù§cely‚ù§,1470358658000,3,1,
7.62062545393889E+017,"es una marcha m√°s que nada ProAborto, la verdadera campa√±a contra la violencia se llama #NadieMenos",7.5967437833857E+017,7.5967437833857E+017,MarchaXLaFamiliaPer√∫,1470524843000,0,0,
7.62040797134979E+017,"-Creo que las mujeres se destacan un poquito m√°s en gimnasia
-Maldita feminazi hembrista despu√©s no digas mi cuerpo mi desici√≥n #NadieMenos",1470724284,1470724284,Sebasti√°n‚ôõ,1470519658000,0,0,
7.61972393585676E+017,Que #NiUnaMenos tambi√©n sea una campa√±a de #NadieMenos. NO AL ABORTO LEGALIZADO. #familiasunidaspanamapic.twitter.com/2CqPAB1G0o,881026783,881026783,Yatzel Marie Salceda,1470503350000,0,0,
7.61964799462892E+017,"No m√°s violencia contra nadie, menos contra un indefenso beb√©! #NadieMenos. https://twitter.com/carloswaite/status/761957756756717568¬†‚Ä¶",3828985997,3828985997,Ricardo Grados D√≠az,1470501539000,2,2,
7.6196131058217E+017,"#NiUnaMenos? No, basta de activismo y sectarismo politico prostituyendo causas nobles. #NadieMenos!",51164459,51164459,Miklos Lukacs,1470500707000,8,11,
7.61957756756717E+017,que #NiUnaMenos tambi√©n sea una campa√±a de #NadieMenos #NoAlAborto #NoAlLobbyGaypic.twitter.com/HKFpzQeiDK,83974268,83974268,CarlosWaiteBrignole,1470499860000,23,16,
7.6183892121079E+017,"#NadieMenos
#NoALaIdeolog√≠aDeG√©neropic.twitter.com/Jgudse8Emu",7.5967437833857E+017,7.5967437833857E+017,MarchaXLaFamiliaPer√∫,1470471527000,1,1,
7.61829710997365E+017,#NadieMenos pic.twitter.com/yWVaUV3ZA3,7.61799935008334E+017,7.61799935008334E+017,Vida Y Familia Per√∫,1470469331000,6,5,
7.61813113637183E+017,Rechazemos TODA violencia que da√±e a otro ser humano #NiUnaMenos #nadiemenos pic.twitter.com/8pVVZvZndD,227399110,227399110,Luis Vera,1470465374000,1,1,
7.61764687302099E+017,#RT #NoM√°sViolencia #NadieMenos Todos somos iguales en valor y dignidad ante Dios y la ley.pic.t... http://bit.ly/2b2pUiC¬† @juliorosas1,3835620255,3835620255,CIVITAS Global,1470453829000,1,0,
7.61764681614627E+017,#NoM√°sViolencia #NadieMenos Todos somos iguales en valor y dignidad ante Dios y la ley.pic.twitt... http://bit.ly/2b2pUiC¬† @juliorosas1,3835620255,3835620255,CIVITAS Global,1470453827000,0,0,
7.6175137628432E+017,#NoM√°sViolencia #NadieMenos Todos somos iguales en valor y dignidad ante Dios y la ley. pic.twitter.com/aC6RzOp6hq,250194186,250194186,Julio Rosas,1470450655000,31,44,
7.61721665600492E+017,Porque no s√≥lo las mujres son violentadas. #NadieMenos pic.twitter.com/QfzevXzgyK,41877300,41877300,üëë Reinita üëë,1470443571000,3,3,
7.61716180193337E+017,"#NadieMenos -CONAPFAM rechaza TODA VIOLENCIA: Contra mujeres, hombres, ni√±os, beb√©s en el vientre, ancianos... TODA! pic.twitter.com/h61USsgUG3",1071664034,1071664034,CONAPFAM,1470442264000,8,5,
7.6171441895886E+017,"#NadieMenos Desde la comunidad  ""No al Aborto en el Per√∫"" rechazamos TODA VIOLENCIA: En especial la violencia... http://fb.me/1LA6r7U6i¬†",2147998664,2147998664,noalabortoenelperu,1470441844000,0,0,
7.62372224187789E+017,#NadieMenos  Comprensi√≥n y Respeto para vivir en Paz http://fb.me/2s9HwwIR4¬†,90506947,90506947,Maite Castillo,1470598677000,0,0,
7.62348361588572E+017,La marcha debe ser #NadieMenos y #NoAlAborto,83974268,83974268,CarlosWaiteBrignole,1470592987000,7,8,
7.62118539021054E+017,#nadiemenos pic.twitter.com/5CgIJsLBsR,70723135,70723135,YVAN GARCES,1470538193000,0,0,
7.62076679627997E+017,"#NadieMenos
#CosaDeTodosLosD√≠as http://fb.me/7tS9bVZvV¬†",3191099194,3191099194,Gonzalo Huasaca,1470528213000,0,0,
7.62778208718709E+017,Por un #Per√∫ ideal #NadieMenos...,1362626856,1362626856,Walter Llamosas,1470695471000,0,0,
7.62762143972327E+017,"bien dicho #NadieMenos #NadieMenos #NadieMenos todos somos valiosos, nadie descartable",2529831358,2529831358,anto.mosca,1470691641000,0,0,
7.62761311163937E+017,#NadieMenos pic.twitter.com/YojzPwVBH6,51164459,51164459,Miklos Lukacs,1470691442000,10,12,
7.62758720526938E+017,Deber√≠a ser #NadieMenos http://fb.me/4RhEEfQan¬†,98743204,98743204,carol,1470690825000,0,0,
7.62752773620396E+017,#NadieMenos pic.twitter.com/YLHkrFNxFV,83974268,83974268,CarlosWaiteBrignole,1470689407000,11,11,
7.62741228521816E+017,"#NadieMenos | Rechazamos toda violencia contra mujeres, hombres y ni√±os, desde el vientre materno. pic.twitter.com/w66FXsSmDo",136745940,136745940,mmmperu,1470686654000,0,4,
7.62734262311354E+017,"""Curioso"" que muchos que repiten la cantaleta #NadieMenos,son los mismos que repiten ""Ella se expuso"",cuando hay violencia contra la mujer.",637108769,637108769,CROGMIE,1470684993000,1,2,
7.62694871417131E+017,#NadieMenos: Siguen saliendo pruebas de que #NiUnaMenos est√° profundamente infiltrada por el lobby gay y el lobby... http://fb.me/83hu5v5tT¬†,2216236045,2216236045,Parejas Reales,1470675602000,4,2,
7.62651802793763E+017,#nadiemenos http://fb.me/1fNed8ZYV¬†,1389516252,1389516252,SagradoCorazonB,1470665333000,0,0,
7.62558429651202E+017,"Le√≠ #nadiemenos en el post de fb de un fuckboy ""igualitarista"" pero ahora veo el hashtag y es provida?",615678173,615678173,Samantha Yamashiro E,1470643071000,0,0,
7.62557910522159E+017,No entiendo... Ya hay una marcha que busca proteger a los no nacidos que es #marchaporlavida porque quieren crear #nadiemenos ??,615678173,615678173,Samantha Yamashiro E,1470642948000,0,1,
7.62556593393238E+017,Cuando est√°s feliz con #NiUnaMenos pero entras a fb y te das cuenta que un idiota se quiere hacer un #alllivesmatters y crea #nadiemenos ,615678173,615678173,Samantha Yamashiro E,1470642634000,0,0,
7.62485572501852E+017,"Ni un muerto m√°s, no m√°s violencia, no m√°s inseguridad. Un√°monos todos por todos.  #NadieMenos pic.twitter.com/rQBwQ56CxU",242416004,242416004,Lucero Sobrino.,1470625701000,0,1,
7.62468355559166E+017,Rechazemos TODA violencia que da√±e a otro ser humano #NiUnaMenos #nadiemenos pic.twitter.com/8pVVZvZndD,227399110,227399110,Luis Vera,1470621596000,0,0,
7.63143898625696E+017,#nadiemenos que es esto que estan haciendo tontos,4794599121,4794599121,karlitos,1470782658000,0,4,
7.63140840512426E+017,"Y #NadieMenos es la versi√≥n edulcorada del ""ay kozas mas hinportanthes por laz qe marchar"" https://twitter.com/Lauletras/status/763138692634513408#tweet_763138692634513408¬†‚Ä¶",637108769,637108769,CROGMIE,1470781929000,0,0,
7.63131778018189E+017,"Que te digan #NadieMenos el d√≠a de #NiUnaMenos es como querer recordarle a la gente el d√≠a de la independencia un 25 de mayo, ya lo sabemos.",249775024,249775024,Mother Of Madness,1470779768000,0,0,
7.63129239877067E+017,"""#NadieMenos""??????????????

es¬ø¬ø¬øen???s?er¬ø¬ø¬øio????",7.58881040286888E+017,7.58881040286888E+017,alli,1470779163000,0,0,
7.6311946948923E+017,"si decir #NadieMenos est√° mal, ¬øqu√© pueden hacer los hombres en la marcha #NiUnaMenos? http://pasajero.utero.pe/2016/08/09/que-hacemos-los-hombres-en-niunamenos/¬†‚Ä¶pic.twitter.com/0x2LIevXqQ",7.43155212756587E+017,7.43155212756587E+017,Petrita,1470776834000,0,0,
7.63114764130132E+017,"#RT si decir #NadieMenos est√° mal, ¬øqu√© pueden hacer los hombres en la marcha #NiUnaMenos?  http... http://bit.ly/2b0KfUp¬† @paolamiglio",3835620255,3835620255,CIVITAS Global,1470775712000,0,0,
7.63110415433867E+017,Lamentamos que la marcha #NiUnaMenos tenga una vocera que promueva el aborto. #XTOMANIA .  #NadieMenos  pic.twitter.com/12WOns3Tb7,188564996,188564996,XTOMANIA,1470774675000,6,6,
7.63108909997363E+017,"si decir #NadieMenos est√° mal, ¬øqu√© pueden hacer los hombres en la marcha #NiUnaMenos?  http://pasaj... http://bit.ly/2b0KfUp¬† @uterope",3835620255,3835620255,CIVITAS Global,1470774316000,0,0,
7.63107216748585E+017,"si decir #NadieMenos est√° mal, ¬øqu√© pueden hacer los hombres en la marcha #NiUnaMenos? http://pasajero.utero.pe/2016/08/09/que-hacemos-los-hombres-en-niunamenos/¬†‚Ä¶pic.twitter.com/kUu6jPWn7Q",14165101,14165101,√ötero.Pe,1470773912000,18,12,
7.63088407379706E+017,@jgodoym @NiUnaMenosPeru #NadieMenos,519075773,519075773,Angel Negro,1470769428000,0,0,
7.6308614667502E+017,#NadieMenos ¬°Yo tambi√©n me sumo en contra de la violencia a la mujer! NO M√ÅS.,930671748,930671748,N√°thaly Lucila,1470768889000,0,1,
7.63082963705668E+017,"#NadieMenos, incluye a las ni√±as y ni√±os no nacidos.
#NoAlAbortopic.twitter.com/PBSKLibJ0U",165490482,165490482,Nancy Claros,1470768130000,1,2,
7.63082569420247E+017,"#NadieMenos, incluye a las ni√±as y ni√±os no nacidos.
#NoAlAborto http://fb.me/1i1kW1NHg¬†",165490482,165490482,Nancy Claros,1470768036000,0,0,
7.63081201838092E+017,Y para cuando una marcha de #NiUNOmenos tal vez ser√≠a mejor #Nadiemenos no s√≥lo las mujeres son maltratadas https://twitter.com/nelljuami/status/763080455738560514¬†‚Ä¶,2172458473,2172458473,juan flores leon,1470767710000,0,0,
7.63072905567764E+017,"NO a FEMINAZIS Mis√°ndricas... #NadieMenos
@aisia_ess @LaSara007 @layucadesusy @gabrielitaaa10 @Arianallna123 @gonzalez_3255 @Oscar1371Oscar",3301075115,3301075115,Amino Mecum Be,1470765732000,1,1,
7.63070370958148E+017,"@andre_ebn @elvisocc para empezar, debiese ser #nadiemenos y no #niunamenos... no solo las mujeres sufren de violencia",161068425,161068425,Senator Lott Dod,1470765128000,0,1,
7.63068718335361E+017,"Shhhh!! #NadieMenos... RARARA!!
@aisia_ess @neohelden @LaSara007 @layucadesusy @DorisAzores @gabrielitaaa10 @Arianallna123 @gonzalez_3255",3301075115,3301075115,Amino Mecum Be,1470764734000,2,2,
7.63047476446106E+017,#NadieMenos ojo con la vocera https://twitter.com/AminoMecumBe/status/763039171392966656¬†‚Ä¶,1881000559,1881000559,Un dia a la vez,1470759669000,0,1,
7.63039171392967E+017,#NadieMenos @neohelden @lito0404 @LaSara007 @aisia_ess @layucadesusy @DorisAzores @gabrielitaaa10 @Arianallna123pic.twitter.com/llP3Vrs9bz,3301075115,3301075115,Amino Mecum Be,1470757689000,4,7,
7.63020459139096E+017,#NadieMenos marcha del 13 de agosto #NiUnaMenos  es pura hipocrecia las que apoyan esta marcha estan contra la mujerpic.twitter.com/oRj9oTWAwa,304816094,304816094,malcom_x1x,1470753228000,2,0,
7.630173117249E+017,"¬øA cuantos tuits est√°n los idiotas de #NadieMenos,de decir ""As√≠ c√≥mo marchas por #NiUnaMenos,marchases contra la delincuencia""?",637108769,637108769,CROGMIE,1470752477000,0,0,
7.63016339539816E+017,"#NadieMenos es la versi√≥n caleta del ""Hay cosas m√°s importantes por las que reclamar o marchar"" 
#NiUnaMenos",637108769,637108769,CROGMIE,1470752246000,0,0,
7.63010763040653E+017,"#NadieMenos rechazemos TODA VIOLENCIA contra mujeres, hombres, ni√±os y animales. pic.twitter.com/biqU1gzL8w",62600630,62600630,Raul Bracamonte,1470750916000,0,0,
7.63004031413387E+017,#NadieMenos en marcha contra la violencia y #NiUnaMas d las mentiras y los odios d marxistas y la progresia caviarhttps://twitter.com/eudmed/status/762850495866163205¬†‚Ä¶,393079381,393079381,Humberto Olaechea,1470749311000,0,1,
7.63001699782922E+017,L√≥gica simple. #NadieMenos http://fb.me/82NiNZP6G¬†,142035947,142035947,Victor Chumpitaz,1470748755000,0,0,
7.62836330648744E+017,@percyweiss #NadieMenos en la marcha contra la violencia y #NiUnaMas d las mentiras y odios d marxistas y la progresia caviar,393079381,393079381,Humberto Olaechea,1470709328000,3,7,
7.62818803638137E+017,"estoy d acuerdo, #NadieMenos y en la marcha contra la violencia #NiUnaMas d las mentiras y odios d los marxistas y progresia caviar",393079381,393079381,Humberto Olaechea,1470705149000,0,0,
7.62815282372948E+017,@Agencia_Andina #NadieMenos 13A,519075773,519075773,Angel Negro,1470704310000,0,0,
7.62815173153272E+017,#NadieMenos 13A,519075773,519075773,Angel Negro,1470704284000,0,0,
7.62810385237848E+017,@LasParejasR aparte de infiltrados en #NiUnaMenos. Tampoco faltan gente de la TV repitiendo el libreto. #NadieMenos pic.twitter.com/DFq22UXD0S,337475215,337475215,√Ångel El√©ctrico,1470703142000,0,0,
7.62808818925445E+017,#NadieMenos: Siguen saliendo pruebas de que #NiUnaMenos est√° profundamente infiltrada por el lobby gay y el lobby... http://fb.me/7fIAYbfIi¬†,526897330,526897330,AURA,1470702769000,1,1,
7.63520550962594E+017,"#NadieMenos, si. Pero HOY es #NiUnaMenos. No son luchas excluyentes pero empecemos paso a paso.",50198488,50198488,@funesmemoriosa,1470872459000,0,1,
7.63516220964561E+017,"Si tanto nos importara erradicar la violencia, #NadieMenos hubiera existido antes de que se proponga #NiUnaMenos. No jodan! #DobleMoral",7.62565663273656E+017,7.62565663273656E+017,Alejandra Guevara,1470871427000,0,1,
7.63489829350801E+017,"ja ja ja hay q buscar a ese y enviarlo por la sombra,porque si esa mierda por el sol se seca,besos tocaya y #NadieMenos",198163011,198163011,Margarita_Patricia,1470865134000,0,4,
7.63487525163962E+017,"Ni mujeres, ni hombres, ni ni√±os.

#NadieMenos",901308217,901308217,Jes√∫s L√≥pez.,1470864585000,3,3,
7.63476095727464E+017,#Nadiemenos,2564416770,2564416770,ssilvana,1470861860000,0,0,
7.63468520604652E+017,las amas de casa no podemos asistir #NadieMenos pic.twitter.com/ODW3DAZLIE,198163011,198163011,Margarita_Patricia,1470860054000,15,13,
7.63454677115671E+017,#NadieMenos pic.twitter.com/VtmtonkBdC,1002177888,1002177888,Luis C√©spedes,1470856753000,0,0,
7.63453753831731E+017,"Hay que luchar porque se erradique toda clase de violencia, no s√≥lo de un sector de la sociedad #NadieMenos https://twitter.com/LasParejasR/status/763391177357950976¬†‚Ä¶",7.37860399232606E+017,7.37860399232606E+017,Ang√©lica G De Le√≥n,1470856533000,0,0,
7.63453318295351E+017,"No, lean el catecismo de la Iglesia (q Uds no siguen) y ver√°n que no. #NadieMenos desde el vientre materno! #EstoyContigoCipriani",1166649440,1166649440,Danele N. G.,1470856430000,0,1,
7.63452950706553E+017,"Ahora x no apoyar una marcha #NiUnaMenos me voy a volver feminicida, abusador, etc? Ja ja #NadieMenos",467462899,467462899,Sergio Ramos,1470856342000,0,0,
7.63449951565132E+017,#Nadiemenos https://twitter.com/desdeurbania/status/763446251971080192¬†‚Ä¶,991709622,991709622,Vanessa Pollack,1470855627000,0,0,
7.6344625197108E+017,"#NadieMenos Un beb√© engendrado es un ser humano en su etapa m√†s dependiente e indefensa, protejamos su vida !!! https://twitter.com/surferpunks/status/748671811441860608¬†‚Ä¶",343181677,343181677,Dario Enriquez,1470854745000,3,4,
7.63443671467459E+017,"No me extra√±ar√≠a si la campa√±a #NadieMenos fuese Fujimorista. Total, han estado actuando as√≠ desde hace rato, si o no? #Cipriani o #Becerril",753586058,753586058,Kevo‚ö°,1470854130000,0,0,
7.63432428782232E+017,"#Incoherencias
#QueNoTeMirenLaCara
#NadieMenos http://fb.me/vAMdMAsi¬†",60693272,60693272,Kellyta,1470851449000,0,0,
7.63430037337023E+017,"As√≠ de est√∫pidos se leen se√±ores de #NadieMenos, tratando de desvirtuar de lo que realmente se trata #NiUnaMenoshttps://twitter.com/elpanfletope/status/763402777628438528¬†‚Ä¶",36523672,36523672,Vanessa Ramos,1470850879000,2,1,
7.63423487566369E+017,La campa√±a de #NadieMenos es solo una muestra de c√≥mo en este pa√≠s se invisibilizan y minimizan asuntos importantes con pretextos como este,2431787415,2431787415,cosima,1470849317000,5,9,
7.63419975352742E+017,"""cardiologo? Acaso la prostatitis no mata? QUE OCULTAS! Ideolog√≠a del miocardio!!!! #NadieMenos!!!""",71035410,71035410,Renz,1470848480000,0,1,
7.63418839652659E+017,#nadiemenos #niunomenos ? ¬øTan dif√≠cil es entender la raz√≥n de la marcha? #niunAmenos #noalmachismo,2426134962,2426134962,vale,1470848209000,0,1,
7.63416078869492E+017,#NiUnaMenos #NadieMenos pic.twitter.com/iA7iL4s6D1,71168302,71168302,Junior Vallejos S.,1470847551000,0,0,
7.63415829652398E+017,"-¬°No al SIDA!
-¬øSIDA? Hay gente que tiene gripe. ¬øPor qu√© discriminas? ¬øQu√© escondes?No a las enfermedades. #NadieMenos",2252923388,2252923388,El Panfleto Per√∫,1470847492000,56,59,
7.63415172379775E+017,- Eres cardi√≥logo? Y xq no luchas contra la pulmonia? La bronquitis tb mata. Hipocrita discriminador!!!! #NadieMenos!!!!,71035410,71035410,Renz,1470847335000,2,6,
7.63414068111835E+017,"-¬°No a muertes por friaje!
-¬øPor qu√© solo por friaje? La gente muere de muchas formas. ¬øQu√© escondes? No a la muerte en general. #NadieMenos",2252923388,2252923388,El Panfleto Per√∫,1470847072000,87,100,
7.63413462777229E+017,Excelente noticia. Espero que organizadores brinden a @KeikoFujimori y @karinaCalmet garantias del caso. #NadieMenos https://twitter.com/YoDesinformo/status/763411990211620864¬†‚Ä¶,51164459,51164459,Miklos Lukacs,1470846927000,30,53,
7.6341093223619E+017,"- ¬°No al terrorismo!
- ¬øPor qu√© solo terrorismo? ¬øQu√© escondes? Todas las violencias son malas. No a la violencia en general. #NadieMenos",2252923388,2252923388,El Panfleto Per√∫,1470846324000,43,65,
7.63410464160244E+017,#nadiemenos *la escupe*,212090582,212090582,‚ô¶Ô∏è Harley Quinn ‚ô¶Ô∏è,1470846212000,0,0,
7.63409428334965E+017,#NiUnaMenos < #NadieMenos,56700625,56700625,Lucero,1470845965000,0,1,
7.63409237494071E+017,Es importante estar bien informados del verdadero trasfondo de la Campa√±a #NiUnaMenos http://ow.ly/FSiz3036XvQ¬† Yo apuesto por #NadieMenos,55131614,55131614,Pepe Farfan,1470845920000,0,1,
7.63391177357951E+017,#NadieMenos: As√≠ cae la fachada de no violencia de campa√±a abortista #NiUnaMenos. ¬°No pueden dejar de leer y... http://fb.me/MQCKfQDQ¬†,2216236045,2216236045,Parejas Reales,1470841614000,13,6,
7.63380366438699E+017,Amar la Verdad te hace reconocer la campa√±a abortista encubierta con la tendencia #NiUnaMenos. Por eso es mejor decir #NadieMenos.,245639454,245639454,Javi #Beard ŸÜ ‚úû,1470839036000,0,0,
7.63375987753161E+017,Me pareci√≥ excelente. Pero pido el mismo respeto y trato hacia el g√©nero masculino. #NadieMenos pic.twitter.com/cnTbhhRln5,150005196,150005196,Juan Tom√°s Kucharski,1470837992000,0,0,
7.63370496222192E+017,"Muy tarde, ya dijeron q no y amenazaron a Ursula Letona, fujimoristas no pueden ir. Catolicos, tampoco #NadieMenos",343181677,343181677,Dario Enriquez,1470836683000,1,0,
7.63369176908046E+017,"#NadieMenos A contiene a B, algunos s√≤lo ven B y otros s√≤lo quieren ver B. Por eso decimos #NadieMenos pic.twitter.com/USL75TxGsT",343181677,343181677,Dario Enriquez,1470836369000,3,3,
7.63368460286095E+017,https://www.facebook.com/NadieMenosPeru/¬† Nos unimos a la campa√±a #NadieMenos luchamos contra todo tipo de violencia hacia todo ser humano.,1071664034,1071664034,CONAPFAM,1470836198000,0,1,
7.63366592772207E+017,Nadie menos... sin discriminar #nadiemenos pic.twitter.com/TNyOlDsFFM,7.50032999064998E+017,7.50032999064998E+017,Jes√∫s Obrero Parro,1470835753000,0,0,
7.63363070483849E+017,The latest Zero Hour! http://paper.li/richardmilles/1375459822?edition_id=7740e510-5efc-11e6-acd6-0cc47a0d1609¬†‚Ä¶ Thanks to @reinadecapitada #nadiemenos #niunamenos,881594790,881594790,Ricardo Milla,1470834913000,0,0,
7.63348892339544E+017,Si se trata de combatir la violencia porque mejor #NadieMenos http://fb.me/QiIhWa3S¬†,2801918682,2801918682,Resistencia Xauxa,1470831532000,0,0,
7.63237702154191E+017,"#NadieMenos Los grupos q apoyan la marcha por la no violencia a la mujer, no defienden a los mas desvalidos: NI√ëOS POR NACER. ¬øES COHERENTE?",1018393945,1018393945,Gigi,1470805023000,0,0,
7.63232010949235E+017,"por eso, el Ni una menos habla de la violencia de g√©nero en espec√≠fico. No el mismo rollo de #nadiemenos que se vienen planteando",2936124665,2936124665,luz z z,1470803666000,0,0,
7.632316244777E+017,#NadieMenos Un√°monos en oraci√≥n por todos los que sufren violencia  y pongamos en las manos de Dios todo lo que se puede hacer para frenarla,1018393945,1018393945,Gigi,1470803574000,0,0,
7.63225120961724E+017,Marcha esta politizada. #NadieMenos,519075773,519075773,Angel Negro,1470802023000,0,0,
7.63222307443704E+017,"#NadieMenos  La peor violencia sufren ni√±os y ni√±as que sus mamas no le permiten nacer, q los asesinan.¬øQuien los defiende?",1018393945,1018393945,Gigi,1470801352000,0,1,
7.63215891643327E+017,"La marcha ya esta politizada, #NadieMenos",519075773,519075773,Angel Negro,1470799823000,0,0,
7.63215688915882E+017,#NiUnaMenos se corrompi√≥. Ya no sirve el HT. En su lugar propongo #NadieMenos,245639454,245639454,Javi #Beard ŸÜ ‚úû,1470799774000,0,0,
7.63215531709051E+017,"Demasiado tarde, la marcha ya esta politizada, #NadieMenos",519075773,519075773,Angel Negro,1470799737000,0,0,
7.63208406295536E+017,#NadieMenos #NadieMenos #NadieMenos #NadieMenos #NadieMenos #NadieMenos #NadieMenos #NadieMenos #NadieMenos #NadieMenos #NadieMenos #NadieMe,1924995439,1924995439,J√§ck,1470798038000,0,0,
7.63187401837642E+017,"marcha es contra violencia,pero,no metan contrabando rojo
#NadieMenos y #NiUnaMas d mentiras y odios...pic.twitter.com/MjOytQ07sg",393079381,393079381,Humberto Olaechea,1470793030000,3,0,
7.63174753867821E+017,marcha es contra violencia,pero no nos metan contrabando rojo #NadieMenos y #NiUnaMas d mentiras y odios d marxistaspic.twitter.com/fJpqtME3sy,393079381,393079381,Humberto Olaechea,1470790015000,15,14
7.63170969833857E+017,"#NadieMenos, pena duras y pena de muerte a sicarios y reincidentes!!!",964679834,964679834,Leffty Juarez ŸÜ,1470789112000,0,0,
7.63169881130951E+017,"#NadieMenos
@Arianallna123 @layucadesusy @Oscar1371Oscar @gonzalez_3255 @aisia_ess @gabrielitaaa10 @evytame @maludfwhttps://twitter.com/jcpuertas/status/763131321350778880¬†‚Ä¶",3301075115,3301075115,Amino Mecum Be,1470788853000,1,5,
7.63165945804231E+017,Rostros de la violencia mediatica => adoctrinar a peruanos de bien con su agenda de muerte y anarquia #NadieMenos! https://twitter.com/elcomercio/status/763126752394838024¬†‚Ä¶,51164459,51164459,Miklos Lukacs,1470787915000,4,3,
7.63165442596712E+017,"entonces amigo debe ser #NadieMenos todos somos iguales,eso no dicen las feminazis?",198163011,198163011,Margarita_Patricia,1470787795000,0,0,
7.63884546173448E+017,Poder Judicial Feminicida | CIR Noticias 2016 https://youtu.be/bAokLUENj_w¬† v√≠a @YouTube #NadieMenos tan simple,198163011,198163011,Margarita_Patricia,1470959242000,0,0,
7.63872004797702E+017,@A_Aguinaga 1ra ley q lider√≥ cambios en el Per√∫ y en toda Latinoam√©rica en temas d violencia familiar #NadieMenos pic.twitter.com/WyiHojlfgb,256809357,256809357,Susana Danino,1470956252000,10,8,
7.63840875755483E+017,..necesaria y urgente es la formaci√≥n y educaci√≥n. Estas p√≠ldoras son abortivas. #NadieMenos,3375698487,3375698487,Jimmy Suazo,1470948830000,0,0,
7.63838883893313E+017,#NadieMenos @ongimpactoperu https://www.instagram.com/p/BI-3kpFAQQz6E5-dSNt34b8Uw28Ft-zZgG7J7s0/¬†‚Ä¶,361528287,361528287,Carlos Quinto Arroyo,1470948356000,0,0,
7.63836208816546E+017,#NadieMenos,333713803,333713803,Pachi Nardone,1470947718000,17,3,
7.63833159507071E+017,"Basta de hipocres√≠as, la violencia venga d donde venga se condena, y se condena  contra cualquiera #NadieMenos",256809357,256809357,Susana Danino,1470946991000,2,6,
7.63824733129355E+017,"Y como estos hay miles de insultos en redes, hasta hoy no se escucha ninguna indignaci√≥n por los agravios a KF y Martha Ch√°vez. #NadieMenos",256809357,256809357,Susana Danino,1470944982000,11,16,
7.63824246011245E+017,#NadieMenos https://twitter.com/berkeliana/status/763816946768883712¬†‚Ä¶,256809357,256809357,Susana Danino,1470944866000,2,2,
7.63818847434527E+017,"por ello yo digo eso no es para todas las mujeres,solo para las ovejas,nosotros vamos por #NadieMenos",198163011,198163011,Margarita_Patricia,1470943578000,2,3,
7.63814875432833E+017,#NadieMenos ,198163011,198163011,Margarita_Patricia,1470942631000,0,0,
7.63812900385485E+017,"Para decir #Niunamenos es necesario decir #Nadiemenos 
Yo estoy en contra del feminicidio,
#Noalaborto #sialavidahttp://fb.me/8j8fGOTkp¬†",540012871,540012871,UPCI,1470942161000,0,0,
7.63812259902685E+017,"Las etiquetas no unen, dividen. #NADIEMENOS http://fb.me/8a5C8nhTF¬†",358880073,358880073,Kevin L√≥pez Apag√ºe√±o,1470942008000,0,0,
7.63799433838375E+017,"#NoCaigas
#CuidadoConElLobo
#ElDisfrazDeCordero
#SiAmasLaVidaProtegeATodos
#VaronYMujer
#NadieMenos http://fb.me/84Q6oVSQz¬†",60693272,60693272,Kellyta,1470938950000,0,0,
7.63790268306895E+017,#NadieMenos dejemos la hipocres√≠a de lado.,198163011,198163011,Margarita_Patricia,1470936765000,0,0,
7.6378474776816E+017,"llega de Talara para ser operado de emergencia,con la fortaleza y confianza en alto, eso si,abrazos Coquito y #NadieMenos",198163011,198163011,Margarita_Patricia,1470935448000,0,0,
7.63782151535858E+017,#NadieMenos porque los ancianos nos han dado y forjaron un mundo donde hoy nos movemos,198163011,198163011,Margarita_Patricia,1470934829000,0,0,
7.63781964201537E+017,#NadieMenos porque desde nuestra concepci√≥n ya somos personas con derechos,198163011,198163011,Margarita_Patricia,1470934785000,0,0,
7.63781863546597E+017,"#NadieMenos porque las mujeres q elegimos ser amas de casa,somos tan mujeres como las profesionales",198163011,198163011,Margarita_Patricia,1470934761000,3,4,
7.63781744721998E+017,"#NadieMenos pq los hombres tambi√©n necesitan educar,criar,compartir con sus hijos,a pesar q su relaci√≥n no funciono",198163011,198163011,Margarita_Patricia,1470934732000,0,0,
7.63781563851149E+017,El #Feminismo es un peligro que cala cada vez m√°s fuerte en nuestra sociedad. #NadieMenos,1444254469,1444254469,Chico Retra√≠do,1470934689000,0,1,
7.63780968570163E+017,#NadieMenos,198163011,198163011,Margarita_Patricia,1470934547000,0,0,
7.63780725015388E+017,En que se diferencia asesinato de ni√±as en zonas rurales de la India del aborto? En que unas ven luz pocos minutos y otras nunca #NadieMenos,51164459,51164459,Miklos Lukacs,1470934489000,4,9,
7.63774473946272E+017,#NadieMenos as√≠ de simple pic.twitter.com/gPm7GHHgEz,198163011,198163011,Margarita_Patricia,1470932999000,4,2,
7.63768187464933E+017,"#NadieMenos  esta es la verdadera campa√±a, debemos erradicar no un solo tipo de violencia sino TODO TIPO DE... http://fb.me/88UcO8h33¬†",7.14659327617999E+017,7.14659327617999E+017,Medaly Chambi Atamar,1470931500000,0,0,
7.63744851426963E+017,"#NadieMenos, por la verdadera Familia, por los matrimonios del dise√±o original, por la vida.  https://twitter.com/mirtahornung/status/763270081249939456¬†‚Ä¶",206317824,206317824,Franklin Gonzales,1470925936000,3,10,
7.63737051523125E+017,"Y cuando les dices doble moral,periodista vil oficio, supuesta indignada lentejera,posera...se molestan #NadieMenos https://twitter.com/Pulmon_de_Susan/status/763735593281019904¬†‚Ä¶",393079381,393079381,Humberto Olaechea,1470924077000,2,2,
7.6373479772228E+017,#NadieMenos pic.twitter.com/QqacHKNkZL,1002177888,1002177888,Luis C√©spedes,1470923539000,0,0,
7.63728004438716E+017,"#TerceraPosici√≥n #ProVIDA #NadieMenos

¬°No m√°s violencia contra nadie! pic.twitter.com/ZRFSqDZnRS",77644523,77644523,Diego Bracamonte G ŸÜ,1470921920000,0,1,
7.63617313996235E+017,"Demasiado tarde, la marcha ya se politizo. #NadieMenos",519075773,519075773,Angel Negro,1470895529000,0,0,
7.63610516501598E+017,#NadieMenos !!,519075773,519075773,Angel Negro,1470893908000,0,0,
7.63595145509872E+017,"Basta de violencia! #NadieMenos! Bueno, excepto los cabros ... las lesbianas ... las mujeres que provocan ... y las que se calatean en TV!",2978793590,2978793590,SuperRata√±eda,1470890244000,2,11,
7.63591320589918E+017,por ello amigos digo #NadieMenos basta de violencia venga de donde venga pic.twitter.com/leGxIljjzZ,198163011,198163011,Margarita_Patricia,1470889332000,1,0,
7.63581107656921E+017,Me parece genial que los conservadores y machistas desistieran de unirse a #NiUnaMenos y convoquen #NadieMenos. Est√°n donde tienen que estar,54733559,54733559,Carry On,1470886897000,4,3,
7.63530037844771E+017,@vanessasaba75 @paulmartinperu @GamarraGracia @Dav_villanueva9 #NadieMenos !!,519075773,519075773,Angel Negro,1470874721000,1,0,
7.64242924016169E+017,#NiUnaMenos? Mejor #NadieMenos ,) http://fb.me/2RM2ddKPK¬†,33930208,33930208,Claudio Zegarra A.,1471044686000,0,0
7.64242611867713E+017,#NiUnaMenos? Mejor #NadieMenos ,) http://fb.me/4Wo5OhCxw¬†,33930208,33930208,Claudio Zegarra A.,1471044612000,0,0
7.64242315963724E+017,#NiUnaMenos ? Mejor #NadieMenos ,) pic.twitter.com/Av76j87o1n,33930208,33930208,Claudio Zegarra A.,1471044541000,0,0
7.64233868702614E+017,#NiUnaMenos? Mejor #NadieMenos ,) http://fb.me/4PlwQYKHh¬†,2216236045,2216236045,Parejas Reales,1471042527000,2,3
7.64225349064557E+017,"#NiUnaMenos deberia ser #NadieMenos , igual hay maltrato contra los hombres (?",1913034391,1913034391,Julio,1471040496000,0,1,
7.6422225631472E+017,"#Niunomenos #Nadiemenos
Ni Hombre, 
Ni mujer, 
Ni ni√±os, 
Ni ancianos,...
No m√°s muertes... http://fb.me/2jO7WoiTF¬†",540012871,540012871,UPCI,1471039759000,0,0,
7.6420163360564E+017,#NadieMenos pic.twitter.com/yHhU81HzMD,353228958,353228958,Jordy Rodr√≠guez,1471034842000,1,0,
7.64185743430259E+017,As√≠ es!!! #NADIEMENOS ÛæÅÄ http://fb.me/7wxqyFBrr¬†,501226268,501226268,Ana Paula.,1471031053000,0,0,
7.64175243581677E+017,#NadieMenos es lo correcto!!! pic.twitter.com/KLB8TUiIhg,265781335,265781335,EternoViajero_,1471028550000,0,0,
7.64165583369896E+017,"Porque DIOS nos ama a todos sin hacer diferencias. No a todo tipo de abuso o discriminaci√≥n.
#nadiemenos pic.twitter.com/RLX3OcJehn",416206631,416206631,Jessica Garibaldi,1471026247000,1,1,
7.64149419268776E+017,#NiUnaMenos #NadieMenos #NiUnoMenos #NoAlAborto #NOALAIDEOLOGIADEGENEROhttps://twitter.com/americatv_peru/status/763813623424843776¬†‚Ä¶,1550908398,1550908398,JorgePuican,1471022393000,0,0,
7.64144274237719E+017,#NiUnaMenos #NadieMenos #NiUnoMenos #NiUnaMenoshttps://twitter.com/americatv_peru/status/763813623424843776¬†‚Ä¶,1550908398,1550908398,JorgePuican,1471021166000,0,0,
7.64143931743429E+017,"#NiUnaMenos,#NadieMenos #NiUnoMenos #NiUnaMenos #Ver√≥nicaLinares  | http://publimetro.pe/actualidad/noticia-niunamenos-veronica-linares-aparecio-al-aire-moreton-cara-49151¬†‚Ä¶ via @Publimetrope",1550908398,1550908398,JorgePuican,1471021085000,0,0,
7.64143457308971E+017,#NiUnaMenos #NadieMenos #NiUnoMenos #NiUnaMenos: #PalaciodeJusticia http://trome.pe/redes-sociales/ni-menos-realizan-intervencion-palacio-justicia-2098373¬†‚Ä¶ v√≠a @tromepe,1550908398,1550908398,JorgePuican,1471020971000,0,0,
7.64143416729043E+017,#NiUnaMenos #NadieMenos #NiUnoMenos #NiUnaMenos: violencia #PalaciodeJusticia http://trome.pe/redes-sociales/ni-menos-realizan-intervencion-palacio-justicia-2098373¬†‚Ä¶ v√≠a @tromepe,1550908398,1550908398,JorgePuican,1471020962000,0,0,
7.64117575462691E+017,#NADIEMENOS!! porque el #NiUnaMenos menos esta manchada de ideologia recalcitrante.pic.twitter.com/EQkEQkd6UP,62600630,62600630,Raul Bracamonte,1471014801000,0,0,
7.64115182280929E+017,Creo que soy la √∫nica mujer que no siente la necesidad intr√≠nseca de ir a la marcha #NadieMenos,25403670,25403670,Nicole Acosta,1471014230000,0,1,
7.64106951219446E+017,#nadiemenos pic.twitter.com/bUbTdCRiP0,429139687,429139687,Jorge Cubas P,1471012268000,0,1,
7.640955085749E+017,Por que la violencia afecta a todos por eso yo digo: #NadieMenos,114314239,114314239,Luis Enrique Rosales,1471009540000,0,0,
7.639767687347E+017,Lista nuestra banderola para la marcha del S√°bado 13 #a13 #niunamenos #nadiemenos #juves #lima‚Ä¶ https://www.instagram.com/p/BI_2ReEhzfe/¬†,7.53804897477198E+017,7.53804897477198E+017,JUVES,1470981230000,0,0,
7.63976261332984E+017,Trabajando en nuestra banderola para este #a13 #niunamenos este S√°bado 13 #nadiemenos @ Villa El‚Ä¶ https://www.instagram.com/p/BI_2Cp_BsWv/¬†,7.53804897477198E+017,7.53804897477198E+017,JUVES,1470981109000,0,0,
7.63969058203062E+017,Para que ni una mujer m√°s sea bloqueada ni insultada por redes por dar una opini√≥n diferente \o/ #NoalaViolencia #Niunamenos #NadieMenos,12565702,12565702,Rosa Mar√≠a Orellana,1470979391000,1,3,
7.63966181053112E+017,los #NadieMenos son los mismos pro-feto y homof√≥bicos que fueron a la marcha por la vida. pic.twitter.com/8452WmZZhF,3787396403,3787396403,Saki Ushikawa,1470978706000,0,0,
7.63960124855636E+017,"De los creadores de #ParejasReales llega #NadieMenos, ¬øes en serio? *facepalm*",3787396403,3787396403,Saki Ushikawa,1470977262000,0,1,
7.63945577511948E+017,directo en la Intolerancia #NiUnaMenos???  #Nadiemenos,991709622,991709622,Vanessa Pollack,1470973793000,0,2,
7.63927585738719E+017,#NadieMenos: Siguen saliendo pruebas de que #NiUnaMenos est√° profundamente infiltrada por el lobby gay y el lobby... http://fb.me/7fnClzjNd¬†,3218785051,3218785051,Lorena R.,1470969504000,0,0,
7.63915248315298E+017,"No pues, si te pones a decir 'con todos los pa√≠ses' estas igual a los fujimoristas de #NadieMenos",249998688,249998688,bob doge,1470966562000,0,0,
7.63898885588652E+017,"Al cristiano no le importa el #g√©nero, pues ve en la persona un hijo de Dios y ah√≠ reconoce su valor #NiUnaMenos #nadiemenos",227399110,227399110,Luis Vera,1470962661000,1,0,
7.6461044201472E+017,#NadieMenos pic.twitter.com/66idCkIwDO,7.20092075975406E+017,7.20092075975406E+017,Cecilia Gordillo,1471132309000,0,0,
7.64608810304545E+017,"#NiUnaMenos #NiUnaMascotaMenos #NiUnBebeMenos
#NADIEMENOS!!",76214827,76214827,Mar üåô,1471131920000,0,0,
7.64608781053493E+017,#NadieMenos,1590045390,1590045390,Gez,1471131913000,0,0,
7.64606267704873E+017,"¬°Basta de tanta violencia!
#Igualdadparatod@s 
Tod@s somos importantes desde los m√°s peque√±os hasta losm√°sgrandes.  #NiUnaMenos #Nadiemenos",4539131667,4539131667,Jessica,1471131314000,0,0,
7.64603057900495E+017,#NiUnaMenos deber√≠a ser #NadieMenos,479722468,479722468,Maldito Planeta,1471130549000,0,0,
7.64601126591222E+017,"El detestable y desagradable violador @malditaternura ocupa un lugar que no le pertenece.
#NadieMenos pic.twitter.com/84OqzlH3Dz",807028830,807028830,Franko Smith,1471130088000,0,0,
7.64598060760564E+017,"#IgualdadDeGenero
#NiUnaMenos
#NiUnoMenos
#NadieMenos",2420622584,2420622584,Jader Cabello Aroni,1471129357000,0,0,
7.64594185039118E+017,No estoy en contra de la marcha pero tampoco apoyo ciertos puntos. Imagen encontrada por ah√≠ #NiUnaMenos #NadieMenos pic.twitter.com/nypsb1jGl3,129369368,129369368,Diego Delzo,1471128433000,0,0,
7.64593233322213E+017,#NiUnaMenos #NadieMenos  pic.twitter.com/k8K1CXLKv5,3463155082,3463155082,Christian NM,1471128206000,0,1,
7.6459273783237E+017,y la igualdad? #NadieMenos,3148990931,3148990931,bryan tipiani,1471128088000,0,0,
7.64592732874703E+017,Dejen de enriquecerse con los potos y tetas de las guerreras #NadieMenos https://twitter.com/elcomercio/status/764590625081663488¬†‚Ä¶,51164459,51164459,Miklos Lukacs,1471128087000,6,4,
7.6459235526142E+017,#NiUnaMenos #NadieMenos basta de violencia carajo.,3148990931,3148990931,bryan tipiani,1471127997000,0,0,
7.6458996077523E+017,"#NadieMenos no a la violencia hacia los ni√±os por nacer, las madres tambi√©n defienden la vida #NiUnaMenos #DefiendeLaFamilia",298322959,298322959,Flormints,1471127426000,0,1,
7.64589602183192E+017,"Esto necesitamos.
Esta es la realidad.
#NadieMenos https://twitter.com/FloroPeruano/status/764505817785794560¬†‚Ä¶",42254042,42254042,ShawtyBad,1471127341000,1,0,
7.6458941975194E+017,tambi√©n te esperamos en la #marchaporlavida No a la violencia! #NadieMenos,54124924,54124924,Lenny,1471127297000,0,0,
7.64584482183713E+017,"#CuandoDigoNoEsNo deber√≠a ser el hashtag #NadieMenos mujeres, ni√±os, abuelitos, hombres, trans, gays, lesbianas... Todos! #BastaDeViolencia",42254042,42254042,ShawtyBad,1471126120000,0,0,
7.64579336112345E+017,"EN #REDESSOCIALES @danyshop @susana965752020 @ceabienesraices @jose_ferreyros @cali320 @Sandrafp1206 @Alvaromnya
#Niunamenos #Nadiemenos",540012871,540012871,UPCI,1471124893000,0,1,
7.64579329602888E+017,"EN #REDESSOCIALES @danyshop @susana965752020 @ceabienesraices @jose_ferreyros @cali320 @Sandrafp1206 @Alvaromnya
#Niunamenos #Nadiemenos",138530425,138530425,Mg. Karina Cerna,1471124892000,2,6,
7.64577907637424E+017,#NadieMenos,3188020517,3188020517,Defiendo la Vida,1471124553000,0,0,
7.64575073873212E+017,#NadieMenos http://fb.me/1sgdOMZcE¬†,3188020517,3188020517,Defiendo la Vida,1471123877000,0,0,
7.645745891922E+017,#NadieMenos Protejamos a la familia.,630835527,630835527,Luchetti,1471123761000,0,1,
7.64574266331455E+017,"#Niunamenos
#Nadiemenos
#REDESSOCIALES: me siento positiva en Colegio De Agentes Inmobiliarios Del Peru - Caip Peru http://fb.me/7x3rbQKkT¬†",540012871,540012871,UPCI,1471123684000,0,0,
7.64573999942763E+017,"#NiUnaMenos #Niunomenos #Nadiemenos 
Basta del maltrato en general pic.twitter.com/NxapF4fx68",298736100,298736100,Gemelas Ramos,1471123621000,1,0,
7.64573968380654E+017,"La marcha es para decirle a las autoridades q el pueblo esta cansado d tanta injusticias, respeto es lo q merecemos #niunamenos #nadiemenos",233363001,233363001,eduardo,1471123613000,0,0,
7.64572012194914E+017,"Al cristiano no le importa el #g√©nero, pues ve en la persona un hijo de Dios y ah√≠ reconoce su valor #NiUnaMenos #nadiemenos @RPPNoticias",227399110,227399110,Luis Vera,1471123147000,0,0,
7.64569088261841E+017,#nadiemenos https://www.instagram.com/p/BJEDoYTDsKj/¬†,1025174106,1025174106,Ilusi√≥n de una Noche,1471122450000,0,0,
7.64566864857006E+017,"#NiUnoMenos pq tanto hombres como mujeres, ni√±os(as) y ancianos(as) no deben ser maltratados. #NadieMenos y punto.",187748065,187748065,Sol‚àÜnge,1471121920000,1,2,
7.64565775201993E+017,#NadieMenos,2399770414,2399770414,L‚ô°re GC,1471121660000,0,0,
7.64561395488817E+017,#NiUnaMenos #NadieMenos seguridad YA!,81485504,81485504,Luis Santiago,1471120616000,0,0,
7.64554955130888E+017,#NiUnoMenos #NadieMenos: tanto arde soportar un d√≠a para visibilizar la violencia estructural que sufren las mujeres diario por ser mujeres?,1699400576,1699400576,Marie,1471119080000,0,0,
7.64553292043129E+017,"Mejor #NadieMenos , no deber√≠an existir preferencias. Tambi√©n existe la violencia infantil, violencia animal.",212039874,212039874,Victor Alejandro,1471118684000,0,1,
7.64552139397968E+017,#NadieMenos,290012900,290012900,PUCPTO PERUAN√çSIMO,1471118409000,10,21,
7.64548405121147E+017,#NiUnaMenos #NiUnoMenos #NadieMenos ,95828323,95828323,Alonso Freyre,1471117519000,0,1,
7.64547849241498E+017,"rosita #nadiemenos !
Consciencia por el respeto mutuo sin discriminaci√≥n de ning√∫n tipo ;D",269733476,269733476,GuillermoYecguanchuy,1471117386000,0,1,
7.64546998263435E+017,Antes de ser mujer soy humana y yo dir√≠a #NadieMenos antes de cualquier otra cosa. Ese d√≠a marchar√© yo.,118846958,118846958,Cy¬∞ Murillo,1471117183000,0,0,
7.64546551373042E+017,Deber√≠an dejar el #NiUnaMenos y el #NiUnoMenos y empezar a usar el #NadieMenos o en su defecto #NadieMas.,2416185444,2416185444,Ale,1471117077000,0,2,
7.64545833140355E+017,#NiUnaMenos #NadieMenos.,401014089,401014089,„Ö§,1471116905000,0,0,
7.64540977763721E+017,No m√°s violencia contra nadie. #NadieMenos ,337475215,337475215,√Ångel El√©ctrico,1471115748000,0,0,
7.64540712079819E+017,#nadiemenos,106832425,106832425,alexandra,1471115684000,0,0,
7.64535302262256E+017,"Respaldo la lucha por conseguir un Per√∫ sin desigualdad ni violencia de g√©nero. 
Por una vida libre violencia. #NiUnaMenos #NadieMenos",248295596,248295596,Freddy Sarmiento,1471114395000,2,0,
7.64533212815167E+017,"¬øQuieres tu #NiUnoMenos o #NadieMenos ? Ok, es v√°lido. Junta gente, organiza tu marcha y es seguro que tendr√°s apoyo. Pero ahora, no jodas.",82727328,82727328,IvanTheTerribleüéæüëª,1471113896000,0,0,
7.64528680139891E+017,#NadieMenos http://fb.me/1itMHH8fD¬†,1025174106,1025174106,Ilusi√≥n de una Noche,1471112816000,0,0,
7.64528141146685E+017,Siento que deber√≠a ser #nadiemenos,2629273167,2629273167,Cris Diaz,1471112687000,0,0,
7.6452093413281E+017,"Hagamos tendencia #nadiemenos hagamos que el mundo luche por la igualdad para todos, olvidemos el #niunamenos y #niunomenos ",7.15664367459705E+017,7.15664367459705E+017,Iazkara,1471110969000,0,0,
7.6451920729598E+017,"Protejamos la familia,protejamos la vida,protejamos el matrimonio.El silencio te hace c√≥mplice #XTOMANIA #NadieMenos pic.twitter.com/PhVP4rLvIF",188564996,188564996,XTOMANIA,1471110557000,4,3,
7.64517782797033E+017,#nadiemenos https://twitter.com/FloroPeruano/status/764505817785794560¬†‚Ä¶,1180102890,1180102890,Adriana Larrea,1471110218000,0,0,
7.64517045270634E+017,"A marchar contra el abuso, punto!... @mlukacs... #NadieMenos...",1362626856,1362626856,Walter Llamosas,1471110042000,2,3,
7.64515689088573E+017,"Esa es la marcha de la verdad.El respeto a todos sin diferencias de raza,dinero,g√©nero,religi√≥n,pol√≠tica #Nadiemenos https://twitter.com/mlukacs/status/764512652177661958¬†‚Ä¶",139289267,139289267,John A Cohn,1471109718000,0,0,
7.64514785815892E+017,Hoy despert√© pensando en esta marcha... y entend√≠a que se trata de #nadiemenos. Todos merecemos amor y respeto... http://fb.me/2XCtMTbWE¬†,1901475721,1901475721,Clarisa Torres,1471109503000,1,1,
7.6451345409495E+017,#NadieMenos,188507172,188507172,Cody,1471109186000,0,0,
7.64512652177662E+017,"A marchar contra el abuso hacia mujeres, ni√±os, ancianos, hombres, campesinos, homosexuales, blancos, negros, cristianos, ateos #NadieMenos",51164459,51164459,Miklos Lukacs,1471108994000,8,17,
7.64512312489341E+017,SI TANTO PIDES RESPETO COMIENZA RESPET√ÅNDOTE TU MISMA. #NadieMenos,553032783,553032783,Jose Torres Enriquez,1471108913000,0,0,
7.64511918388371E+017,"Asi es, #NadieMenos! https://twitter.com/JovenesK_Peru/status/764511797185503232¬†‚Ä¶",51164459,51164459,Miklos Lukacs,1471108819000,7,8,
7.64511537788809E+017,No a la violencia #NiUnaMenos ...aunque mejor #NadieMenos http://fb.me/4OFGyQWj5¬†,223574887,223574887,Aldo Ok,1471108729000,0,0,
7.64508604103848E+017,#NiUnaMenos es una excelente iniciativa y ya es un √©xito. Pero sin duda esta imagen resume lo ideal #NadieMenos pic.twitter.com/vW8CZb7o5n,118404272,118404272,Carmen Bernui,1471108029000,1,3,
7.6450689288235E+017,#NadieMenos mucho mejor http://fb.me/15jml79P4¬†,164607428,164607428,Christopher Guerrero,1471107621000,0,0,
7.64506400361939E+017,"No me sorprende que cuentas de contenido abiertamente machista est√©n abogando por el #NadieMenos.
#NiUnaMenos en tus tweets de despechado.",240018424,240018424,POP DISASTER TOUR,1471107504000,0,0,
7.64505556958777E+017,"La violencia es DA√ëINA venga de donde venga y nadie vale menos que nadie.
 #NiUnaMenos  <<<  #NadieMenos pic.twitter.com/td7PnFAB06",373192049,373192049,Jean Marcos,1471107303000,1,8,
7.64505211880833E+017,"Un excelente art√≠culo
#NadieMenos mucho mejor http://fb.me/5e70feUEg¬†",164620147,164620147,PARROQUIA SFA,1471107220000,0,0,
7.64504076507722E+017,"#NiUnaMenos #NadieMenos 
Aunque tenga apariencia de soluci√≥n pic.twitter.com/t8G8BBf4Ro",460297771,460297771,Chema De la Cruz,1471106950000,0,1,
7.6450330210508E+017,Demasiada arena hoy en el fb por #NiUnaMenos vs #NadieMenos No entrar√©,2661932845,2661932845,jcarloss,1471106765000,0,1,
7.64502322496082E+017,"He visto a dos mujeres pelearse con golpes con intenciones de da√±arse.
¬øDe que parte debo ponerme?
Es por eso que digo #NadieMenos",931021831,931021831,Gerard Andreüî•,1471106532000,0,0,
7.64498613816951E+017,#NadieMenos https://twitter.com/malekoochoi/status/764496005777723392¬†‚Ä¶,28370800,28370800,Gilmer,1471105647000,0,0,
7.64495974123315E+017,"Se debe cambiar el pensamiento de la mujer, por eso primero #Niunamenos para decir luego #Nadiemenos?",2411255959,2411255959,Revolucionaria,1471105018000,0,1,
7.64495764911297E+017,"#nadiemenos, #niunomenos, #tocanaunanostocanatodOs son ideas lamentables. La marcha de hoy no es contra la... http://fb.me/38p6FS7Jj¬†",137418591,137418591,Jose Carlos Garcia A,1471104968000,0,1,
7.64494913320817E+017,Campa√±a abortista va revelando su cara #NiUnoMenos #NadieMenos pic.twitter.com/2r4iwMCMYC,4276827976,4276827976,Casper Gutman,1471104765000,0,1,
7.64492845864673E+017,#NadieMenos,25403670,25403670,Nicole Acosta,1471104272000,0,0,
7.64489943888437E+017,Esta me gust√≥... #NiUnoMenos #NadieMenos @elhigadodmarita @coloradachapic.twitter.com/rRnPBMNP58,4276827976,4276827976,Casper Gutman,1471103580000,1,11,
7.64489673565549E+017,#NiUnoMenos #NadieMenos,4276827976,4276827976,Casper Gutman,1471103516000,0,0,
7.6448198519255E+017,"LA VERDADERA CAMPA√ëA: #NadieMenos

Queda claro entonces que no estamos frente a una Campa√±a que lucha contra la... http://fb.me/89SQluQpI¬†",285120920,285120920,Anah Geldres,1471101683000,0,0,
7.64480759247827E+017,"El problema de la violencia contra la mujer no es condici√≥n de g√©nero. La violencia es sistem√°tica. 
#Nadiemenos pic.twitter.com/cJzi0axYUC",7.35862063050953E+017,7.35862063050953E+017,√Ångel Salvador,1471101391000,0,1,
7.64478995740197E+017,#NadieMenos,118846958,118846958,Cy¬∞ Murillo,1471100970000,1,1,
7.6447179312189E+017,"de los creadores de #nadiemenos y ""Basta de odios"" llega en 3D #NiUnoMenos, m√°s aterradora que sus predecesoras.
Corre",1537583065,1537583065,aurora no duerme,1471099253000,0,0,
7.6446467361801E+017,"#NiUnaMenos abusada, acosada, maltratada, violentada o violada... pero #NadieMenos no al aborto (0 excusas), no a la desorientaci√≥n sexual",270922354,270922354,Diego Moscoso Vidal,1471097555000,0,0,
7.64462981572915E+017,#nadiemenos pic.twitter.com/Kio15Y1Et2,3911176469,3911176469,Luis J√ºrgens,1471097152000,0,0,
7.64459494558556E+017,#NiUnaMenos #NiUnoMenos #NADIEMENOS,3867517876,3867517876,Alan Eduardo,1471096321000,0,0,
7.64455493372871E+017,"Construyamos un mundo de Igualdad,Respeto y Paz #nadiemenos ///.

Cuidemos a cada ser vivo ...",1702581086,1702581086,Lucero Huam√°n. C,1471095367000,0,1,
7.64451168194073E+017,#NiUnoMenos #NoalAborto #NadieMenos,2284818609,2284818609,Sofi,1471094335000,0,0,
7.64444189748757E+017,"Todos vivimos esto por igual,yo no quiero privilegios, #niunamenos es poco! #nadiemenos ! Es lo q necesitamos! 
Ni #abortos  ni #violencia !",7.48568930986267E+017,7.48568930986267E+017,CarolinaSaccoPaskvan,1471092672000,0,0,
7.64360661384167E+017,La Violencia No Tiene G√©nero #NadieMenos,1628243497,1628243497,Cristian Salazar,1471072757000,0,0,
7.6435665627684E+017,#NadieMenos La violencia para Nadie!! BASTA DE HIPOCRES√çAS pic.twitter.com/JtYVmQLP9z,204063793,204063793,Chely Singoy,1471071802000,4,2,
7.64330807729217E+017,"#NadieMenos
#NoALAborto",109572663,109572663,Nancy Alvino Tello,1471065639000,0,0,
7.64330090633265E+017,el #nadiemenos y lasquenotengo,2169126041,2169126041,una tipa cualquiera,1471065468000,0,1,
7.64325395864908E+017,"#NadieMenos Medios seculares buscan manipular opini√≥n publica, gobierno ppk sentirse aceptado, grupos abortistas aprovechamiento y negocio.",1018393945,1018393945,Gigi,1471064349000,0,0,
7.64322887125828E+017,"Me cago en sus marchas ego√≠stas sobre violencia de g√©nero, no a la violencia en general mejor. #nadiemenos",2340558240,2340558240,Jhonny Villavicencio,1471063751000,1,1,
7.64316693300732E+017,Quer√≠a prender mi encendedor con un cigarro. Ahora debo fingir que se trat√≥ de un acto po√©tico. #NadieMenos,21470940,21470940,Onvre Rufi√°√±,1471062274000,0,7,
7.64315429649129E+017,#JaimePuertas nos cuenta por qu√© es una idiotez decir #NadieMenos en vez de #NiUnaMenoshttp://youtu.be/5Ve7Gphea8A¬†,37583739,37583739,Samantha Hare,1471061973000,0,0,
7.64314458864906E+017,#NadieMenos pic.twitter.com/LTgb17DiIj,433544808,433544808,Omar,1471061741000,0,1,
7.64311007208567E+017,El #NadieMenos es iniciativa peruana de derecha para hacer menos la campa√±a feminista #NiUnaMenos. Y ps es tenebrosa en su supuesto candor.,21470940,21470940,Onvre Rufi√°√±,1471060918000,1,3,
7.64309374714126E+017,"acabo de leer / una iniciativa de campa√±a y marcha de #NadieMenos para deslindarse de #NiUnaMenos. Bueno, sigan cada quien su camino 2/2",32331821,32331821,Carolina,1471060529000,0,0,
7.6430928897835E+017,Qu√© babosa la gente de #nadiemenos o #niunomenos es la misma t√°ctica de oe porque no se preocupan por la gente de Siria! y s√≠ la de Francia!,2169279356,2169279356,Piero Flores,1471060509000,2,2,
7.64298741947982E+017,#NadieMenos ÛæÆû http://fb.me/59jO0tV6H¬†,1616201059,1616201059,Gladys Llano  ∆∏Ã¥”ÅÃ¥∆∑,1471057994000,0,0,
7.64292056617521E+017,Jaja claro #NadieMenos,110294299,110294299,Noelia,1471056400000,0,1,
7.64291303236567E+017,#NadieMenos. http://fb.me/5eTCEpXJs¬†,114314239,114314239,Luis Enrique Rosales,1471056221000,0,0,
7.64273608730349E+017,@Majindice este es el brib√≥n q pide respeto. Un truh√°n boca sucia q parece no naci√≥ d una mujer. #NadieMenos pic.twitter.com/E4Lvd7oVEY,256809357,256809357,Susana Danino,1471052002000,12,7,
7.64268547493159E+017,#Nadiemenos es el #AllLivesMatter peruano.,77814228,77814228,franco J.,1471050795000,0,0,
7.64266183851971E+017,"Le dicen de todo a los de #NadieMenos y #NiUnoMenos. ""Tengo la raz√≥n y al que no piensa como yo, lo insulto"". Pensamiento Nivel #NiUnaMenos.",2483530675,2483530675,Curious Guy,1471050232000,0,0,
7.64257228861809E+017,@minagriperu @agrorural @ANAPeru @agrobancoperu @Senasa_Peru @SerforPeru @SierraExporta Marcha esta politizada. #NadieMenos,519075773,519075773,Angel Negro,1471048097000,0,0,
7.64971985474621E+017,"@mercedesninci1 un chico de 16 a√±os muere apu√±alado, miles mueren por el paco y nadie dice #NadieMenos 750 millones pone Macri a Ant√∫nez.",153321417,153321417,Por Un Pa√≠s Normal,1471218508000,0,0,
7.64927529748664E+017,Era esto lo que quer√≠a la marcha #NiUnaMenos??? #NadieMenos ser√≠a mejor y eso incluye a todos @elhigadodmaritapic.twitter.com/g4AF7MNYTp,4276827976,4276827976,Casper Gutman,1471207909000,1,1,
7.64927298332037E+017,"Igualdad , respeto :) #Nadiemenos http://fb.me/3aSTAReeW¬†",2411910001,2411910001,Jessy Cano,1471207854000,0,0,
7.64925629594759E+017,#NadieMenos pic.twitter.com/RffJUObXO9,99580581,99580581,Jota Salinas,1471207456000,0,0,
7.64915558747898E+017,"Esta gente de #NadieMenos, me imagino que tampoco celebran su cumplea√±os porque todos los cumplea√±os son iguales, no? 

",160364467,160364467,ger…ërdo.,1471205055000,0,3,
7.64904277995324E+017,doble rasero !!! #NadieMenos,519075773,519075773,Angel Negro,1471202365000,0,0,
7.64903044668678E+017,"Estaba visto, la marcha fue pura pose #NadieMenos",519075773,519075773,Angel Negro,1471202071000,0,0,
7.64885685048316E+017,"#PichotCensura #NADIEMENOS
@AgustinLajepic.twitter.com/Ogu5wmX2KQ",1383554492,1383554492,blank,1471197932000,1,2,
7.64873248983122E+017,#PichotCensura #NADIEMENOS pic.twitter.com/v87raysR1v,1383554492,1383554492,blank,1471194967000,0,0,
7.64873001657573E+017,#PichotCensura #NADIEMENOS pic.twitter.com/il2egopp9p,1383554492,1383554492,blank,1471194908000,0,0,
7.64870626330878E+017,"Yo le voy a #NadieMenos. 

Ya pues, no nos hagamos lxs v√≠ctimas solo porque seamos de un g√©nero opuesto; todxs... http://fb.me/1l0pMq7vW¬†",1293586136,1293586136,Wilfredo Vel√°squez,1471194342000,0,0,
7.64867522793509E+017,"Es por eso que se marcha en #NiUnaMenos , es por eso que su mierda de #nadiemenos es tan insultante.",350641793,350641793,Auri,1471193602000,0,0,
7.64850568288432E+017,"#NadieMenos profe, que la marcha sea por todos los que reciben violencia. Mujeres, hombres y animales",460388260,460388260,Nicole,1471189560000,0,1,
7.64845528375058E+017,#NadieMenos ah!! re boluda jaja ojala a vos se te peguen las ganas de juntarte conmigo. Gila,399972692,399972692,€û,1471188358000,0,0,
7.6483495250441E+017,#Nadiemenos http://fb.me/2n7hJHLuZ¬†,94562892,94562892,Carlos  Pancca,1471185837000,0,0,
7.64826013029327E+017,"De los ego√≠stas que crearon AllLivesMatter llega a Per√∫, #NadieMenos #NiunoMenos",297664139,297664139,Paolo,1471183705000,1,0,
7.64715940248429E+017,#NadieMenos ,) http://fb.me/5vNLyGk0s¬†,417594187,417594187,ÏûêÏä§ÎØº (jazm√≠n),1471157462000,0,0
7.64702070289076E+017,La estupidez de este dibujo es impresionante #NiUnoMenos #NadieMenos pic.twitter.com/VxSbOilHqG,287969696,287969696,Claudia Castro,1471154155000,0,0,
7.6470183750527E+017,"#NadieMenos
Unidos contra la violencia hacia varones, mujeres, ni√±o(a), anciano(a), j√≥venes, fetos en el vientre materno. No mas violencia!",923741449,923741449,Paola,1471154100000,0,2,
7.64695222722978E+017,Y si empezamos diciendo #NadieMenos empezando por #NoAlAborto!!! No hay mayor violencia que la que se ejerce... http://fb.me/1waEOYgZf¬†,114085842,114085842,Myr Lozada,1471152523000,0,0,
7.64692708996837E+017,El le√≥n me dio m√°s tristeza qu√© bueno que en Per√∫ est√°n luchando por #NadieMenos y que adem√°s incluyan a las mujeres https://twitter.com/lasgemelasramos/status/764573999942762497¬†‚Ä¶,21470940,21470940,Onvre Rufi√°√±,1471151923000,0,2,
7.6468503964484E+017,"Toda la razon, la marcha se politizo, estaba visto #NadieMenos",519075773,519075773,Angel Negro,1471150095000,0,0,
7.64683474288738E+017,Marcha politizada #NadieMenos,519075773,519075773,Angel Negro,1471149722000,0,0,
7.64682268900295E+017,"@jovenesconkeiko Marcha politizada, mucha hipocresia, doble rasero #NadieMenos",519075773,519075773,Angel Negro,1471149434000,0,0,
7.64681786878198E+017,Marcha politizada !! #NadieMenos,519075773,519075773,Angel Negro,1471149319000,0,0,
7.64681403879551E+017,@jovenesconkeiko @alejandraramay1 @CibernautasFP @JovenesK_Peru Bien ahi !! #NadieMenos,519075773,519075773,Angel Negro,1471149228000,0,0,
7.64680090202636E+017,@ppkamigo Marcha politizada !!  #NadieMenos,519075773,519075773,Angel Negro,1471148915000,0,0,
7.64679568523457E+017,Marcha politizada #NadieMenos,519075773,519075773,Angel Negro,1471148790000,0,0,
7.64679243569726E+017,@YoDesinformo Marcha politizada !! #NadieMenos,519075773,519075773,Angel Negro,1471148713000,0,0,
7.64672293779964E+017,#NadieMenos ... Sexistas!!,176532732,176532732,Johann WalkDead,1471147056000,0,0,
7.64671283237941E+017,"IGUALDAD DE G√âNERO. 
#NADIEMENOS",629487171,629487171,Andy,1471146815000,0,0,
7.64669178125095E+017,#NadieMenos,519075773,519075773,Angel Negro,1471146313000,0,0,
7.64664568857567E+017,#niunamenos #niunomenos #nadiemenos http://fb.me/50pWFAHof¬†,54230461,54230461,Pedro Gonzales,1471145214000,0,0,
7.6464860224546E+017,"#NadieMenos Ni hombres, ni ni√±os, ni mujeres, ni bebes IGUALDAD!!",3066038841,3066038841,4lons0,1471141407000,0,0,
7.64646471757079E+017,"T√≠pico Caballito de Troya, farsa al descubierto...
#NiUnaMenos?
Mejor #NadieMenos http://fb.me/8czWAOkWw¬†",164607428,164607428,Christopher Guerrero,1471140899000,0,0,
7.64643909943386E+017,#NiUnaMenos #NiUnoMenos #NadieMenos Nunca m√°s violencia ,100066289,100066289,Lu!!!,1471140289000,0,0,
7.64633952116208E+017,"Sorry pero eso de #NadieMenos me parece bien rid√≠culo, no invisibilicen la violencia contra la mujer con sus tonter√≠as! #NiUnaMenos",354166326,354166326,manzanita girl,1471137915000,0,0,
7.64628750357008E+017,"Defiende siempre tus ideales 
#NiUnaMenos #NadieMenos #Peruvian https://www.instagram.com/p/BJEewrVBO5M/¬†",41452009,41452009,Milagroz Pizarro,1471136674000,0,0,
7.64626984412516E+017,"#Niunamenos , una marcha que crea y remarca la discriminaci√≥n #nadiemenos",138226068,138226068,Diego,1471136253000,0,0,
7.6531005570089E+017,#PichotCensura #NADIEMENOS pic.twitter.com/CKtlCVNc1W,1383554492,1383554492,blank,1471299110000,1,1,
7.65291713309119E+017,@Jali_Cotrina #NADIEMENOS,4770169074,4770169074,Lunita,1471294737000,0,1,
7.65289542601609E+017,#NadieMenos pic.twitter.com/36gsE9RmPI,2846134433,2846134433,Rosario Angles,1471294220000,9,9,
7.6528509515033E+017,"Pens√© que en esta empresa todos eran inteligentes...acabo de escuchar: ""Pero no deber√≠a ser #NiUnaMenos mejor #nadieMenos NO?""",43043022,43043022,LuigiLuciano,1471293159000,0,0,
7.65265146314912E+017,"#NoMasViolencia!
#NiUnaMenos!
#NadieMenos! http://fb.me/1kpgpsP16¬†",2885158828,2885158828,FuriAs,1471288403000,0,0,
7.65261763868824E+017,Una v√≠ctima m√°s del ¬®machismo¬®¬øno? #NadieMenos http://fb.me/8bGERYw8Q¬†,2617747208,2617747208,Igualdad sin Fems,1471287597000,0,0,
7.65258377781969E+017,#Nom√°sviolencia #Noaladesigualdaddeg√©nero #Niunamenos #Niunomenos #Nadiemenos http://fb.me/5xgxAwGLU¬†,334776815,334776815,Rochy,1471286789000,0,0,
7.65229655716663E+017,"Gracias Per√∫ por decir no m√°s violencia, por ponerte de pie y exigir justicia. #NiUnaMenos  y #NadieMenos pic.twitter.com/liBy430cI1",7.53804897477198E+017,7.53804897477198E+017,JUVES,1471279941000,0,2,
7.65221790624969E+017,#nadiemenos defendamos a la mujer desde el vientre materno http://fb.me/81AHkxMnv¬†,7.50032999064998E+017,7.50032999064998E+017,Jes√∫s Obrero Parro,1471278066000,0,0,
7.65209462453961E+017,#NadieMenos,556961654,556961654,Juan R. Tejeira C.,1471275127000,0,0,
7.65207591572111E+017,#nadiemenos pic.twitter.com/Z7HqOPx6qo,7.38173268478153E+017,7.38173268478153E+017,Calichin,1471274681000,0,0,
7.65179573684281E+017,#NADIEMENOS http://fb.me/IQgTBklv¬†,2737589624,2737589624,Walter Cruz,1471268001000,0,0,
7.65169067170927E+017,le pegue un golpe de vista y no entendia que tenian en contra de #Macri ahora!  Y si pedimos por #NadieMenos ????,40879565,40879565,Mat√≠as Cortez,1471265496000,0,0,
7.65018248047841E+017,Jam√°s mejor dicho...la marcha debio ser...#NadieMenos!!! http://fb.me/1iYR0hyZn¬†,90987722,90987722,Dianne.Chasseresse,1471229538000,0,0,
7.65004299130671E+017,"Eso me ense√±aron :)
#NadieMenos http://fb.me/4OdWGcJuC¬†",147251770,147251770,Natizita,1471226212000,0,0,
7.64998929993851E+017,aaaaaahhh que bueno igual se contradice porque si militas para la igualdad seria #nadiemenos,1476177350,1476177350,K‚àÜR‚ô¢NT‚Ç¨,1471224932000,0,0,
7.6497947128379E+017,"¬°C√≥mo nos gusta jugar al DOBLE DISCURSO!
#PichotCensura #NADIEMENOS pic.twitter.com/VWFrDQ639D",1383554492,1383554492,blank,1471220293000,0,0,
7.64976514547016E+017,#NadieMenos pic.twitter.com/wz1MoujRSu,101947401,101947401,Jackeline Sol√≠s,1471219588000,0,1,
7.65673378057335E+017,"En realidad deber√≠a ser as√≠: CONTRA TODO TIPO DE VIOLENCIA!! #NADIEMENOS ÛæåßÛæ¨ñ mujeres, hombres, ni√±os y animales... http://fb.me/508b0f6ls¬†",1337347880,1337347880,Andreina Babiche,1471385733000,0,0,
7.65600706636182E+017,Es mejor que te entregue infeliz porque te van a encontrar... #NadieMenos http://fb.me/4qGzxagwG¬†,2564416770,2564416770,ssilvana,1471368407000,0,0,
7.65591428672131E+017,"La doble moral nos gana, por Ra√∫l Bravo Sender. 
http://www.lucidez.pe/opinion/la-doble-moral-nos-gana-por-raul-bravo-sender/¬†‚Ä¶
#NiUnaMenos #NiUnoMenos #NadieMenos pic.twitter.com/WCHJJnDK3n",2548184223,2548184223,Lucidez,1471366195000,1,0,
7.65520444002804E+017,#noalaviolencia #niunamenos #nadiemenos #igualdad #notecalles #denunciapic.twitter.com/tXiDJMlY1f,72342821,72342821,Grace Herrera Tello,1471349271000,0,0,
7.65421131021087E+017,#NiUnaMenos #NiUnoMenos #NadieMenos,7.32056952663114E+017,7.32056952663114E+017,Consejo De Flaca,1471325593000,1,2,
7.65402273795207E+017,Importante se busca dejar a un g√©nero a la intemperie o es una venganza social de matriarcado #Nadiemenos http://fb.me/1itn7Bc6k¬†,327643912,327643912,ORLANDO MARKO,1471321097000,0,0,
7.65401100312797E+017,#Nadiemenos http://fb.me/7ALYZoF1M¬†,327643912,327643912,ORLANDO MARKO,1471320817000,0,0,
7.6540016975181E+017,#Nadiemenos equidad de g√©nero! http://fb.me/1kYQEbahu¬†,327643912,327643912,ORLANDO MARKO,1471320595000,0,0,
7.6538826873727E+017,"Toma tu marcha #NiUnoMenos o #NadieMenos . Ahora pe, haz tu chiste o tu reclamo. Sal a decir que ""todos son... http://fb.me/809o0yn5D¬†",127952954,127952954,Vilma Lu Huertas,1471317758000,0,0,
7.65339968382312E+017,"Ser√≠a muy positivo que te pongas esta bandera @malepichot
#PichotCensura #NADIEMENOS pic.twitter.com/FxyyMoGUqu",7.6533124540022E+017,7.6533124540022E+017,Pedro Juarez,1471306242000,0,0,
7.65339049615852E+017,"¬øAs√≠ respondemos al trato educado? ¬øCon CENSURA y AMENAZAS?
#PichotCensura #NADIEMENOS pic.twitter.com/gnNxpdf9dh",7.6533124540022E+017,7.6533124540022E+017,Pedro Juarez,1471306023000,2,4,
7.66062007669973E+017,#nadiemenos Salgamos a pedir JUSTICIA. pic.twitter.com/Yh58FALx9C,1137709668,1137709668,marianelita ‚úß‚úø,1471478390000,0,1,
7.65926295733699E+017,"#nadiemenos
porque la justicia no solo le pertenece a un genero! pertenece a ambos generos!! igualdad http://fb.me/7HBKRY8zW¬†",2310751344,2310751344,Rosmery,1471446033000,0,0,
7.65922967926649E+017,Ojo. Aplica para los que arbitrariamente creen en la ideolog√≠a de g√©nero. El derecho a vivir es de todos #NadieMenos https://twitter.com/DebeSaberQue/status/765671320193536001¬†‚Ä¶,7.37860399232606E+017,7.37860399232606E+017,Ang√©lica G De Le√≥n,1471445240000,0,0,
7.65742205168386E+017,#nadiemenos http://fb.me/2lAU0acqp¬†,87987412,87987412,Fernando El√≠as,1471402143000,0,0,
7.6571924009565E+017,"pero despu√©s de gritar, siguen insultando a la mujer,y todo porque esa mujer no es de su agrado,no piensa como ellas,tal joda #NadieMenos",198163011,198163011,Margarita_Patricia,1471396667000,0,0,
7.65712525044412E+017,the tags #NadieMenos or #NiUnoMenos have been going around now as an excuse that we should protect EVERYONE.,423830174,423830174,micaela,1471395066000,1,1,
7.6641181266543E+017,#Seguridad #Justicia #NadieMenos pic.twitter.com/Sm8QcmJFX9,145668305,145668305,Roxana Zanichelli,1471561790000,2,1,
7.66386523029795E+017,#nadiemenos http://fb.me/89p5y20Zs¬†,3198469463,3198469463,Italo Bracamonte Z.,1471555760000,0,0,
7.66250973471867E+017,#NadieMenos esto ser√≠a lo m√°s correcto. Nadie menos pic.twitter.com/fbHD8kQ787,338134081,338134081,Bianca Rueda Reyes,1471523442000,0,4,
7.66760792037392E+017,#nadiemenos #rosariopic.twitter.com/pTyIARz5NJ,171713843,171713843,Tom√°s,1471644993000,2,3,
7.66739605899112E+017,#NadieMenos la protesta por el asesinato de #NahuelCiarroca | Por @ChuSpadillero http://goo.gl/Zi6Krb¬† #J√≥venes #Justicia,87245024,87245024,Coop. La Br√∫jula,1471639942000,0,0,
7.66739457617822E+017,#NadieMenos la protesta por el asesinato de Nahuel Ciarroca | Por @ChuSpadillero http://goo.gl/Zi6Krb¬† #J√≥venes #Justicia,2198194909,2198194909,Br√∫jula de la Semana,1471639906000,2,1,
7.66693331942244E+017,otra marcha? #NadieMenos,519075773,519075773,Angel Negro,1471628909000,0,1,
7.66650448602423E+017,#nadiemenos BASTA DE VIOLENCIA CONTRA TODOS! http://fb.me/4KMYxzwig¬†,2310751344,2310751344,Rosmery,1471618685000,0,0,
7.66615785271951E+017,#NadieMenos pic.twitter.com/qvDG7O5Gsh,294940370,294940370,SAVAGE ¬Æ,1471610420000,0,0,
7.66442409966309E+017,#NadieMenos,585969696,585969696,Agus ‚ô°,1471569085000,0,0,
7.67073441744814E+017,En s√≥lo 30 d√≠as hubo 24 cr√≠menes en #Rosario. Preocupante escalada de inseguridad y asesinatos: #NadieMenos pic.twitter.com/q3Jy7M8Sdd,247482017,247482017,FutbolSinTrampa,1471719534000,5,9,
7.67044074650165E+017,ven√≠a tocar timbre a Rosario ! #NadieMenos #RosarioInsegura,800492298,800492298,Ariel Vignando,1471712533000,2,2,
7.67031423756743E+017,#NadieMenos https://twitter.com/suriel/status/767031140519731200¬†‚Ä¶,198163011,198163011,Margarita_Patricia,1471709516000,2,2,
7.66835894431154E+017,#NadieMenos en #Rosario estos pibes merec√≠an seguir disfrutando de #Newells y el #Coloso de #Central y el #Gigantepic.twitter.com/bCthPqLno9,213804682,213804682,Rodrigo Pe√±alva,1471662899000,2,2,
7.67467501970137E+017,"@luisnovaresio por favor ,que se sepa lo que pasa en Rosario a nivel nacional.
#NadieMenos pic.twitter.com/rCkeOwNH3Z",3310875417,3310875417,Lau.üå±üå±üå±,1471813485000,0,0,
7.67464505605521E+017,As√≠ vivimos en Rosario...que el resto del pa√≠s se entere ....#NADIEMENOS https://twitter.com/Mekanicus/status/767462562610946049¬†‚Ä¶,3310875417,3310875417,Lau.üå±üå±üå±,1471812771000,3,1,
7.67452014553039E+017,#NADIEMENOS No esperemos q nos pase.Todos exijamos vivir mas seguros.Digamos presente !,2940225125,2940225125,Mercedes,1471809793000,0,0,
7.67416651604169E+017,#NadieMenos #RosarioSangra #TodosATribunalespic.twitter.com/DU7tQiZzBP,58327643,58327643,#BastaDeMafia,1471801362000,1,2,
7.67415832318206E+017,"Te esforzas dia a dia en el estudio, en el trabajo, en tu relacion para con el otro. Asi y todo quizas ma√±ana te maten por nada. #NADIEMENOS",77872774,77872774,Pablo Mu√±oz üåÆ,1471801166000,56,27,
7.6740104613838E+017,Buenas! @futbolsintrampa que huevos!  Tenes pela ,) te admiro. Felicitaciones!!! #FutbolSinTrampa #NadieMenos Abrazo,1677220278,1677220278,Fernando21üçÅüçª,1471797641000,0,1
7.67400350538199E+017,As√≠ arranca #FutbolSinTrampa #NadieMenos pic.twitter.com/o7xdAQJzLq,247482017,247482017,FutbolSinTrampa,1471797475000,4,1,
7.6739956175301E+017,"@futbolsintrampa RC-NOB Y el GOBIERNO acuerdan en Silencio, unir a las hinchadas ""Barras"" en ambos estadios, una LOCURA !! #NadieMenos !!",1255524000,1255524000,Rasta,1471797287000,0,0,
7.67178713100345E+017,El jueves todos a la marcha #NadieMenos pic.twitter.com/1Ow3aghzhJ,350311357,350311357,German cARc,1471744633000,3,3,
7.67149522711491E+017,BASTA!!!!! Para que mi rosario deje de sangrar... #NADIEMENOS http://fb.me/Pq1aWURE¬†,215324846,215324846,MARIANA BLANCO,1471737673000,0,0,
7.67771792991777E+017,#NADIEMENOS Marcha contra la inseguridad - 25/08 19.30hs pic.twitter.com/RidooToLLF,7.67764411880706E+017,7.67764411880706E+017,RosarioPideJusticia,1471886034000,12,8,
7.67744776024261E+017,"""As√≠ de imb√©cil te ves protestando por tonter√≠as..."" @DiarioDeCurwen https://www.youtube.com/watch?v=MQloMcCfQHE¬†‚Ä¶ ‚Ä¶
#NiUnoMenos #NiUnaMenos #Nadiemenos",1699944248,1699944248,KATHERINE,1471879593000,0,0,
7.67601341241909E+017,"pic.twitter.com/lcNsNqD86m #NiUnoMenos  .Todos somos iguales,no debe de existir preferencias detengamos la violencia. #NADIEMENOS",7.58469435980145E+017,7.58469435980145E+017,Fatima Palacios,1471845395000,0,2,
7.6756994009013E+017,Ni #niunamenos NI #niunomenos (que me parece una estupides) .......... yo simplemente pido y marcharia por #NADIEMENOS,2401854811,2401854811,Kamila Lugo Fonseca,1471837909000,0,6,
7.68146975384543E+017,Espero que con #nadiemenos se refieren tambi√©n a los pibes que mueren por gatillo f√°cil en las villas por culpa de la policia.,483573042,483573042,Agostinaüå†,1471975485000,2,1,
7.68144157722444E+017,"No.
Y con la ideolog√≠a de g√©nero se vienen peores cosas...
#NadieMenos
#ANMediod√≠a",164607428,164607428,Christopher Guerrero,1471974813000,0,0,
7.68121537497039E+017,"@MonicaFein @MiguelLifschitz @maxipullaro x favor si no saben q 
Hacer Renuncien. #GendarmeriaYa x favor #NadieMenos pic.twitter.com/2lCqHE9ULX",1345317979,1345317979,Patricia,1471969420000,1,0,
7.6790354287942E+017,oye me cago en tu #nadiemenos,7.58881040286888E+017,7.58881040286888E+017,alli,1471917446000,0,1,
7.68584194234655E+017,#NadieMenos,2225278045,2225278045,Nicolas Martinez‚Ñ¢,1472079726000,0,0,
7.68565785438609E+017,"Ma√±ana 25
#RosarioMarcha a las 19.30 - Tribunales 
#RosarioCiudadLiberada
#NadieMenos pic.twitter.com/mZuU7X7WIl",21445435,21445435,LucianoSanPelegrini,1472075337000,4,4,
7.68551194369282E+017,#UnD√≠aSinInternetY no hay #NadieMenos  en #Casa estoy #Solita Te #espero cheketetooo  #FraseMojaMazap√°n,7.605170270522E+017,7.605170270522E+017,Rulo,1472071858000,4,2,
7.68420129373913E+017,"@clauavruj @jusgobar los vamos a invitar al proximo #rosarioporlavida. Los no nacidos tambien son humanos. Y tienen derechos. 
#nadiemenos",2808254989,2808254989,SemBradores,1472040610000,0,0,
7.68257712790639E+017,en realidad... Es #NADIEMENOS,2848869491,2848869491,Federico J. Coronado,1472001886000,0,1,
7.68961037316096E+017,#NadieMenos #Inseguridad #Rosario #RosarioCiudadLiberadapic.twitter.com/o4p8oog0TS,1666457306,1666457306,Marcelo Campillay,1472169572000,0,0,
7.68959866673197E+017,Cada vida vale  #RosarioMarcha #NadieMenos pic.twitter.com/WxY7dxAwYj,566749673,566749673,Mel Danilovich,1472169293000,0,1,
7.68958690472886E+017,#seguridad#bastadeimpunidad#uni√≥n. Convocatoria masiva en paz. Sin distinciones pol√≠ticas. #NadieMenos pic.twitter.com/9ueZr4aTcY,4717620335,4717620335,marcelasportelli,1472169013000,1,2,
7.68958562236269E+017,"Aqu√≠ estamos, somos parte de la marcha para exigir #Seguridad # Rosario #NadieMenos https://twitter.com/politicaplus/status/768954267298308101¬†‚Ä¶",1126665306,1126665306,CarolinaD√°vilaEg√ºez,1472168982000,0,0,
7.68958502886924E+017,#RosarioSangra #NadieMenos Basta de Muertes y Robos ¬°Queremos seguridad!,2987932275,2987932275,Ivo Decarlis ‚úñ,1472168968000,0,0,
7.68955860353778E+017,#NadieMenos  !!!!!,163192426,163192426,Silvinanni,1472168338000,0,0,
7.68955753633841E+017,#NADIEMENOS #RosarioSangra #Justicia #Seguridadpic.twitter.com/qndfPXe5ZQ,3171905764,3171905764,C A A N  üå∫,1472168312000,4,1,
7.6895450857984E+017,Marcha por #seguridad y #justicia. #NadieMenos pic.twitter.com/nZ0TsQ7HWx,1867578030,1867578030,Lula ,1472168015000,0,0,
7.68954146452038E+017,Familiares de las v√≠ctimas piden justicia frente a Tribunales. #Seguridad #NadieMenos pic.twitter.com/nIPDL8P9hr,199784018,199784018,Alejo Picasso,1472167929000,5,4,
7.68953406643995E+017,"Hagan algo ""POLITICOS"", es su deber o renuncien si no est√°n a la altura del problema #RosarioMarcha #NadieMenos pic.twitter.com/KnLwEFI1CW",170588877,170588877,Quique ‚òï,1472167753000,64,30,
7.68952491153162E+017,#RosarioMarcha #NadieMenos pic.twitter.com/OteGDhlXjV,1238231059,1238231059,Lorena,1472167534000,0,0,
7.68950674180739E+017,#nadiemenos#rosario pic.twitter.com/mxrdko0kta,3075420603,3075420603,vanina,1472167101000,0,0,
7.68950391539204E+017,"No es un invento de ning√∫n partido pol√≠tico, es la HORRIBLE realidad. Sal√≠s de tu casa y no sab√©s si volv√©s.
 #RosarioSangra #NadieMenos",468614426,468614426,24KMAGICWORLDTOUR,1472167034000,3,4,
7.68949025915666E+017,#NadieMenos #justicia #Seguridadpic.twitter.com/gs2Rdf6Io8,822491180,822491180,Eli,1472166708000,0,1,
7.6893766968662E+017,#Nadiemenos pic.twitter.com/Ezdn0amNbL,1238231059,1238231059,Lorena,1472164001000,0,0,
7.6893641134087E+017,Qu√© lindo ver tanta gente moviliz√°ndose por una causa en com√∫n que nos afecta a todos #NadieMenos ,127023343,127023343,lu ineichen -,1472163701000,1,0,
7.68934620259901E+017,#Seguridad #NadieMenos Alguien tiene que escucharnos,352807971,352807971,Fer Gonz√°lez,1472163274000,0,2,
7.68934297357156E+017,La gente comienza a reunirse frente a Tribunales Provinciales en pedido de #Seguridad. #NadieMenos pic.twitter.com/sj53JaTRTO,199784018,199784018,Alejo Picasso,1472163197000,0,1,
7.68886674269073E+017,"Hoy #RosarioMarcha, ma√±ana te puede tocar a vos, digamos presente, y exijamos seguridad! #NadieMenos #CiudadLiberada #Gobernaci√≥n",818146122,818146122,Mago Axel,1472151843000,3,4,
7.68855943409E+017,Hoy TODOS a la marcha. NO esperes que e pase para ir! El d√≠a de despertar es HOY!!! #NadieMenos #RosariopideJusticiahttps://twitter.com/RosPideJusticia/status/767771792991776768¬†‚Ä¶,234478621,234478621,Gaby Canela‚≠ê,1472144516000,0,1,
7.68805964115948E+017,"Hoy 19.30hs frente a Tribunales. MARCHA CONTRA LA INSEGURIDAD. #NADIEMENOS sin banderas, Rosario unido",7.67764411880706E+017,7.67764411880706E+017,RosarioPideJusticia,1472132600000,0,0,
7.68641435201577E+017,#violenciaesmentir #falsasdenuncias #nadiemenos #borrandoapapa #misandr√≠a https://www.facebook.com/Carlitos.Barbieri/posts/10210685003225865¬†‚Ä¶,190125412,190125412,CGB,1472093373000,0,2,
7.69236108387426E+017,"NO fue en vano la marcha de ayer, esta Gendarmer√≠a, estan parando motos en las calles, SI EL PUEBLO  SE UNE TODO  ES POSIBLE #NADIEMENOS",149375284,149375284,LORENA  VIOLA ‚òÖ,1472235154000,1,7,
7.69145197150151E+017,"Excelente registro de mis compas!! 
#NadieMenos  http://fb.me/5egPJAiGT¬†",200739155,200739155,ChicaLunar,1472213479000,0,0,
7.69079173059052E+017,"#NadieMenos
#NoALAbortohttps://twitter.com/porlavida2014/status/555016517281390592¬†‚Ä¶",109572663,109572663,Nancy Alvino Tello,1472197738000,0,1,
7.69014934462235E+017,"Cuando el pueblo grita fuerte es dif√≠cil de callar. Esa rabia contenida, sostenida va a estallar. #NadieMenos pic.twitter.com/DJmDFWMaHf",221525400,221525400,Macarena    ‚òÅ,1472182422000,2,2,
7.69013818856964E+017,#RosarioDespierta #NadieMenos pic.twitter.com/VpCSfJI8YU,1179159230,1179159230,Rodrigo Rubio,1472182156000,0,2,
7.69005245032764E+017,#NadieMenos pic.twitter.com/thEG56ZIE2,1909966717,1909966717,luciana figari,1472180112000,0,1,
7.68995774390731E+017,"#NadieMenos ‚îÇFOTOGRAF√çAS‚îÇ
#RosarioSangra #RosarioCiudadLiberada 
‚ñ∫ Todas las fotos en: http://goo.gl/t3lmrb¬†pic.twitter.com/WCY5es5AOD",87245024,87245024,Coop. La Br√∫jula,1472177854000,13,6,
7.68994003035558E+017,#NadieMenos Yo jajajaja pic.twitter.com/08HNxlWF9d,1206670380,1206670380,Maythe Escalante,1472177432000,1,2,
7.6899073480446E+017,#nadiemenos es ahora una tendencia en #Rosario http://trendsmap.com/ar/rosario¬†,199464393,199464393,Trendsmap Rosario,1472176652000,1,1,
7.68990686137971E+017,#NadieMenos,622033047,622033047,Mailucchini**,1472176641000,0,0,
7.68987208497959E+017,"Cuanta tristeza, cuanta injusticia. Basta! #RosarioSangra #NadieMenos",792326694,792326694,Julieta üå∏,1472175812000,3,1,
7.68981929760784E+017,Ma√±ana podes ser vos! #NadieMenos,944251266,944251266,Or,1472174553000,4,2,
7.68981843735564E+017,"Hoy marchamos todos !!!! #RosarioSangra #NadieMenos @ Rosario, Argentina https://www.instagram.com/p/BJjZwMBhY-d/¬†",3011705554,3011705554,‚ô°  Tefi Cassini,1472174533000,0,0,
7.68978385783648E+017,#RosarioSangra #NadieMenos,468923125,468923125,¬´ MariaŒ∑ita ¬ª,1472173708000,0,0,
7.6897803051769E+017,#BastaDeMuertesEnRosario  #RosarioSangra que pena ver una tan hermosa ciudad destruida. #NadieMenos pic.twitter.com/H5KgVgF4is,198052939,198052939,Julieta Machado A,1472173624000,0,0,
7.6897475031611E+017,"Para seguir en vivo en #Periscope la marcha x Seguridad
#RosarioCiudadLiberada #NadieMenos #RosarioSangrahttps://twitter.com/ConclusionRos/status/768935971110981632¬†‚Ä¶",21445435,21445435,LucianoSanPelegrini,1472172841000,1,2,
7.6897394720761E+017,"No la caretees publicando ""#NadieMenos"" si despu√©s andas diciendo que ""hay que incendiar las villas y matar a todos los negros de mierda"".",369764772,369764772,Male,1472172650000,13,6,
7.68973543082254E+017,la incompetencia y la negaci√≥n de nuestras autoridades provinciales  #NadieMenos,21445435,21445435,LucianoSanPelegrini,1472172554000,0,1,
7.6896998200893E+017,#nadiemenos https://www.instagram.com/p/BJjU7NdhsMh/¬†,2411289764,2411289764,Laura Scaiola,1472171705000,0,0,
7.6896806094651E+017,Dando una mano con retuit a #rosario #rosariosangra #argentina #inseguridad #justicia #nadiemenos #bastahttps://twitter.com/MarianoMolinari/status/768959846511149057¬†‚Ä¶,232183763,232183763,Alejando Martin üö©üö©,1472171247000,19,7,
7.68967602517451E+017,"#Rosario se expresa en paz y SIN BANDERA POLITICA pidiendo paz, seguridad y justicia #RosarioSangra #NadieMenos",250380669,250380669,Nico Llanos,1472171137000,1,0,
7.68966712310034E+017,Que a las masas pensado no las vencer√°n jam√°s !!! #NadieMenos #Rosario,803428118,803428118,J.D.Baravalle.,1472170925000,2,0,
7.68962451933102E+017,Hoy Rosario dijo basta #RosarioCiudadLiberada #NadieMenos basta de corrupci√≥n e incompetencia pic.twitter.com/cAW71dZ6Fc,21445435,21445435,LucianoSanPelegrini,1472169909000,9,8,
7.68962119501046E+017,#RosarioMarcha #RosarioCiudadLiberada #NadieMenos https://twitter.com/elcharlesroy/status/768955783828672513¬†‚Ä¶,21445435,21445435,LucianoSanPelegrini,1472169830000,1,2,
7.69671320946807E+017,"#NadieMenos, la marcha por justicia y seguridad http://goo.gl/ZvCz0a¬† ‚îÇPor @ChuSpadillero @nachocagliero
#RosarioSangra #Rosario",87245024,87245024,Coop. La Br√∫jula,1472338917000,3,1,
7.69496526318035E+017,El problema es la falta de responsabilidad. Es no aceptar las consecuencias de los propios actos #NadieMenos https://twitter.com/PadreLGaspar/status/769314344488370176¬†‚Ä¶,7.37860399232606E+017,7.37860399232606E+017,Ang√©lica G De Le√≥n,1472297243000,0,0,
7.69325293567902E+017,"#1' - ""Nadie menos!"" ‚îÇVIDEOMINUTO‚îÇPor Fernando Der Meguerditchian
#NadieMenos #RosarioSangra #RosarioCiudadLiberadahttps://www.youtube.com/watch?v=04twY3xq2WY¬†‚Ä¶",87245024,87245024,Coop. La Br√∫jula,1472256418000,1,0,
7.70352028862251E+017,#NadieMenos #ViolenciaNoTieneGenero #ACagarLaDictaduraDeLoPoliticamenteCorrecto #LibertadDeExpresi√≥nhttp://bit.ly/2cmJSbV¬†,1187695056,1187695056,Temis,1472501210000,14,29,
7.7024590657896E+017,#RosarioMarcha #RosarioSangra #NADIEMENOS pic.twitter.com/UIrH7qI2Ay,7.67764411880706E+017,7.67764411880706E+017,RosarioPideJusticia,1472475909000,4,1,
7.70245093848715E+017,#NADIEMENOS Dos heridos al resistir asaltos callejeros en la madrugada | http://Rosario3.com¬† https://www.rosario3.com/noticias/Dos-heridos-al-resistir-asaltos-callejeros-en-la-madrugada-20160828-0038.html¬†‚Ä¶ v√≠a rosariotres,7.67764411880706E+017,7.67764411880706E+017,RosarioPideJusticia,1472475715000,0,0,
